Client,H00,H01,H02,H03,H04,H05,H06,H07,H08,H09,H10,H11,H12,H13,H14,H15,H16,H17,H18,H19,H20,H21,H22,H23,DBSCAN_Cluster,Point_Type
MT_001,3.6049382072636424,3.73870375968063,3.654883137549206,3.695707689260884,3.7224173693701204,3.704610915963963,3.5356667604762744,3.435342596163535,4.114810799918004,5.69024762262132,4.5091585973031485,4.4950437257007065,3.921979938641569,3.695490537390079,4.194939840245712,3.9847368293047323,3.582137260828931,3.9864740442711866,4.072683336981485,3.845325328246768,3.806889447113965,4.132182949582547,4.153246681050805,4.021218343600273,0,Core
MT_002,18.570675398190794,16.657368489206807,15.805806346711996,15.639193716574024,15.81237835695849,16.457895807836366,18.691770772177122,23.36422664964759,24.18000784746705,23.56686363224783,23.51465266195624,23.339033943702702,23.085403029745407,22.434408903662117,21.67108208392116,20.476923481354476,20.097694149353067,20.630878906573273,22.29432772229703,24.43655965486723,25.08986615492614,22.974409078915723,20.34049341679299,19.311608701536294,0,Core
MT_003,3.1431169277555884,3.4909976207339284,4.016981335160154,4.176649653219443,3.943093854642959,4.078232123838391,3.7208367452401303,3.152928947301131,2.503997654629996,2.341058663388859,1.9954079748526874,1.9014504543559732,1.815074948962633,2.0719714607004844,2.2527504874789726,2.582345144031528,2.732498776470898,2.950147210026577,2.8561896895298626,2.582791144919962,2.743054130830496,3.000693977382404,3.095097498767552,2.892018427567376,0,Core
MT_004,87.61678992559946,74.53026660656751,67.15072925883264,63.09960045185668,60.13046526769169,57.794666755702465,54.231148060967264,63.96978625843754,69.02500236501338,72.33880347017023,75.43418863346744,80.2755101472986,84.21464861465864,74.77546284703094,69.44618342487327,71.22063905443983,72.48418223401947,78.38071707205779,97.41907480676448,122.5793392430844,128.37779558493736,126.43535444594688,119.20954296811959,102.28787221137098,0,Core
MT_005,41.80084639655431,36.76211582444366,33.725229962771905,32.487980167276,31.480275788384166,31.678310879618035,30.192317323583914,30.577327590524366,30.351538371646548,30.025583880068776,32.54390577786681,33.99254603428991,34.70246740455084,31.640122869401175,32.4245421612327,33.826229946077696,34.04701090132051,36.678853441511826,43.66141633695598,49.60622527169831,50.42319827715732,50.933415134972705,51.876846797215414,48.32911804477388,0,Core
MT_006,131.70253984550698,111.84751963756068,100.58698787523225,93.37517518985695,88.82736872983283,88.19332404419677,88.31656807144489,107.32976027508882,128.14374124050715,136.93990173071282,144.7984909227209,157.6438797627196,171.92083455558816,148.90832274045826,150.89244972458525,143.40257406864183,137.91668703758026,138.7905992307943,160.5696522277631,196.26967830253253,208.63838776441446,201.61296893843095,190.01326146475017,162.81656399726214,0,Core
MT_007,5.07001523306748,4.615867075719217,4.432079748996811,4.313198367659001,4.2617379161767275,4.22797908616298,3.973482003738427,3.878492974874531,3.841928969873968,3.8909711670572626,4.151465520143284,4.250710676573384,4.4407854644731355,4.324805988294101,3.8609848137499223,3.7924998520028366,3.8375761121358054,4.040516012906126,4.653301652267412,5.31793466379881,5.727103291186062,5.921724397167896,5.999592185595021,5.687347190510848,0,Core
MT_008,174.36802429957805,155.26702111233257,141.86238381994713,150.02120221148286,145.2587706865599,146.96186136980117,134.46868871235745,147.71142868336574,167.2289861886029,192.6226674686634,211.6026797751644,217.9702569846307,226.63493248708858,205.92071755658344,195.45903940154454,194.3315196224163,192.51262338189102,202.2990571929655,229.10199416017352,256.18263400604263,251.12291060271895,233.85117430291967,221.03535929682405,199.8394854315457,0,Core
MT_009,37.479418254572266,34.18962967217588,32.21222651407457,30.942021701775303,30.212985166783945,30.220463998698094,26.78648353699689,26.22587029671219,44.0144215811567,53.647456239858705,48.28483460413645,43.962668064310776,40.175985889538254,31.547807086821468,37.25236091765866,39.805933286426104,38.01071447375349,36.660336583334534,43.8762127673832,54.894327096585826,58.03304327431638,50.722933808149406,47.71434930572507,42.536006088367486,0,Core
MT_010,37.987311680760705,35.05203388458338,33.22330411487196,31.820891567861143,31.23854628954978,31.091166015323115,28.25469372134271,28.79747999970559,33.793689695524485,38.86312954008522,43.48141278988467,45.60085521038028,50.20441883229192,51.46957084924893,50.545914199289044,48.134471160569056,46.040788088877115,45.8731683263047,50.9534638964327,55.58922670434892,53.95994789251728,51.18842595659182,47.4755838172411,42.28415505656017,0,Core
MT_011,29.480348984169616,25.259708200597533,23.34147854143139,22.29285312817811,21.922187506056602,21.939146063931442,21.07030686574226,22.831446725646725,25.577075497969542,28.391431057469347,29.06735072133798,31.602973893511468,33.02086234139285,26.725412131208724,28.607047007592318,30.26414037707671,30.162261521873724,31.283693976830268,35.36637115423259,39.79293728342774,41.79481216038257,40.529550733374755,39.90450674313065,35.76419597054464,0,Core
MT_012,42.02091251984214,38.6677734574104,36.42178921461546,34.933082849112374,33.99085441332808,33.216829044519194,32.45299780098154,35.007718409133936,43.41204654346338,53.70083154936141,58.91075771476838,63.89459274469542,63.33573623429013,56.814772743821635,51.51127907146082,60.15880990868977,57.019383401051456,56.22861054072553,58.39850291988874,57.71185576769045,56.172178775831185,56.08916947005112,54.15701865524925,49.092358774957404,0,Core
MT_013,34.9765545986699,35.24826812776183,33.08520141705345,32.191739227658196,32.60094122134025,32.39179984176766,33.256458978209565,37.228442546564466,69.84101849865435,84.40018138829014,84.74794632813574,85.34344590077221,76.4325191292,60.65511479790189,78.0745769214616,78.99003158971286,73.2328262860918,71.51613595268013,66.86806101820353,61.060343956693835,48.43935694559373,40.77277881639033,36.33370337452596,34.95172438060666,0,Core
MT_014,26.465490543975307,24.536480726063353,23.398075554722727,22.55429073372043,21.904990287793197,21.425604321156715,20.39814587922444,22.111923410065664,32.416319302940046,40.809941700551285,43.13010425934977,46.01013284342053,44.87107247485899,40.716357697497195,42.144687639092915,41.80682427217417,40.73448482060918,40.510844169203374,39.60153962610953,37.905343220696196,35.91725645336503,34.09821056903005,32.0795479313895,28.694362289992906,0,Core
MT_015,12.831289137407301,11.338357911766535,10.741662706965116,10.446629586889994,10.350111861568834,10.594057760732206,10.202064984359179,10.59078747150429,14.5715249376347,17.023181224226587,17.927990706014786,18.68908423416544,17.41835590363218,15.555616836651,16.944517510365934,17.355601704934355,17.26871807490624,17.56861243572556,18.29894756789474,18.516554380844095,18.43179201950436,18.163893461401393,17.727972745939894,15.364702654697057,0,Core
MT_016,26.188104069512722,22.639012970490146,20.577244499741962,18.752660283545296,18.626272453572692,18.80420936762819,17.580186597939754,17.857128936245186,19.906814067813258,23.140666439032145,23.59817674105326,23.841012880059996,25.385439030588778,25.12954508956483,22.221455644790364,20.93068217076019,20.33479814587007,22.08814912867431,27.138205335690756,33.355862914127215,38.07966896328068,39.09320776015429,37.4297022509312,31.711554322795102,0,Core
MT_017,32.83775897196532,28.392902496966663,25.85245739327333,24.737207527490735,24.004623351800905,24.036601842576037,23.65132252583339,29.575491684669945,33.48962820699677,37.61531474522059,39.87687051109622,43.523494658669584,44.79325598228392,38.58374029037699,38.72134004635651,38.46212977978504,37.990600783596015,40.5894681300516,44.45978797030674,50.27602972277724,49.973925230598745,48.898187250052736,45.935257085541856,39.679464827657455,0,Core
MT_018,157.01530528567025,133.00006779023514,122.6024671272029,113.99201387294363,110.647331142178,109.72286914516515,112.36231475224857,136.022200208619,205.25953819542397,206.5661403082925,203.0268339992084,216.19727395783448,194.8389763237137,191.10504643631108,201.89736121042748,195.31460136061565,193.08572403251307,193.5318275154004,209.79492360477857,246.12064912430324,267.4149833913924,260.4763248070712,237.96613987093613,198.1470304596834,0,Core
MT_019,6.252687117999305,5.454290618045738,5.064680005090475,4.785477696490665,4.638696562896617,4.648241206030149,4.376863785044316,4.98359353234344,5.448787400383161,5.696346207423153,5.9727969071916736,6.329474201947451,6.608762498323238,6.210553107770199,5.758859320558989,5.574415541086679,5.546469513893904,5.7542159806561894,6.844369004502319,8.103230044816828,8.853473390222845,9.409212386367152,8.672555109565621,7.503551295147881,0,Core
MT_020,32.94647622321323,28.816784110816617,25.91867256450382,24.101077350315236,22.816277548115913,22.942918223291628,23.266907283949497,24.512056493802138,29.582055619378426,30.209228486915297,29.985948915563828,31.62383498116973,31.43749227341118,29.8486040880816,29.98217984785027,29.283394693755703,28.945987752037553,30.02243349103112,32.96140173135894,38.177339158804386,39.97669208525932,40.562103682529916,40.297364366329255,36.909424779961824,0,Core
MT_021,111.75824490863677,96.58673504126487,86.40400858624409,78.88477375103476,75.31463782606046,75.11933302514593,83.67601262851593,90.43194613171069,103.6978903497927,113.88420037914216,127.36336726978222,139.83958129517544,142.5097921168532,119.79351444717992,121.65921283206295,131.3344155727806,134.08973628476514,144.03684272767345,163.58300095681435,170.34923723620415,160.98670135566616,159.465026106339,155.76498561194907,135.76774496418216,0,Core
MT_022,16.60876862347989,14.756116479696688,14.239040286127567,12.866385721579666,12.323738069849288,11.778213629075767,10.185218333371692,11.274029712329625,22.28861567206481,30.79155170165269,29.927129868059808,28.02717052667828,17.770032467228052,15.777163494527287,24.970635442211496,24.751466736221037,24.69062797534571,25.482277700921347,27.650737352996085,28.80177261347975,25.841556688087035,23.130982122993608,20.78181749991264,18.717241896618017,0,Core
MT_023,6.784804205743343,5.699190383570004,5.157512203843464,4.766181041286283,4.508491671768532,4.562445030782761,7.234265033347235,9.371179244345953,8.707598077725338,7.1003974940357795,6.221905876446353,6.010381619557933,6.457810730713591,6.4382836781833355,6.42428740931772,5.909473035962281,5.721087771956531,5.957105499359782,7.72729489145216,11.515994574865589,13.423099080941777,12.485687686353547,10.28387142214733,8.573053299597806,0,Core
MT_024,19.62220288075233,16.48332173784046,14.563258342886705,13.854384082158058,13.598414750593623,13.344792684793193,12.513273787895432,14.600814595110739,20.721075348169933,23.7522169925141,24.420953008678314,24.358867829220454,24.203830925508115,22.749699784708785,25.049902870142684,23.710318298626664,23.530048287951296,22.892882996312917,22.638322024206882,26.67561913829057,30.532880968275297,29.146820534632027,27.092845627841953,23.711022478355865,0,Core
MT_025,141.35354097500755,126.75113703966689,114.9769393642813,109.85306440985882,110.33122877046192,107.86844243156973,108.0155699271399,146.32389158622632,187.71549380465308,188.65423119486718,179.61468588279695,177.015166925739,145.92168979127086,143.79073992336578,151.28624613790325,154.0552815572486,155.1915216181466,169.04069674464424,198.84760789882745,239.72426388275855,241.61053432868283,239.6954780684079,211.66928937419638,171.66900151605287,0,Core
MT_026,17.127953920579124,13.719851738419237,12.010435155860272,11.286528846042291,10.910799429227712,11.155001798164704,10.941977285119313,11.136440097912967,11.537981879140126,12.619345932087375,13.35325815844731,14.124148772027516,15.64084270119143,15.375323379621573,14.620094200628776,13.857034304342276,13.455782549681548,14.46942539936658,17.353594589264375,22.664416060511144,25.97231406396826,27.038016682328106,24.978683047367138,20.682954558637572,0,Core
MT_027,16.940868592332855,13.737816605681964,12.243837126223761,11.574693554962527,11.291237626940324,11.831471277994405,11.558436523796546,11.407642138558264,11.35595311638951,11.997167941801502,12.23226962327874,13.051165462395824,14.712613205211259,13.971146687609062,13.099519708940788,12.736237589424098,12.892346773312797,14.17060795460704,17.733398861674345,21.51211649038209,23.331028169683393,23.02402038881817,22.475970857395826,20.69561752124461,0,Core
MT_028,54.35384810988821,48.08630422423499,44.23677797914201,41.435520517741026,39.06559313402887,37.332367575572526,35.505431893326595,37.877335588964016,39.31526720725386,41.468953127810074,44.988105896063125,50.70607037383258,54.37426999978261,48.665693003658156,45.90462055140421,44.626276121079414,45.0174211896212,48.71197164124142,58.68971178125653,70.68263131439896,73.52143870237995,72.50956699664489,69.85834454890352,62.77260752619108,0,Core
MT_029,52.761059087088775,48.68149854899909,46.38274108237682,44.94299072910921,44.19198900059446,44.41249999464259,49.00701477830824,59.03865778450953,63.93425900805625,66.40584652006221,67.49597229919036,69.15848375869025,67.99238990629675,62.94592401821176,62.232531307632335,62.1477770820288,61.70568361194008,61.577641513841186,64.1967720962088,68.58395511433356,63.80728839194983,61.17980025004104,61.257268398095846,58.368338650026985,0,Core
MT_030,17.11445916131443,15.134873349255514,14.223597517829473,13.624252610488425,12.915398700778157,13.13202787538454,11.897128425016636,11.575013540895014,11.757318998340898,12.365087675094966,13.11782062249393,14.480585348877325,16.265795824928425,14.619137496536196,13.381094848626123,12.968581603191682,12.941550104329014,13.73187569433234,16.463188630576724,20.76245422875739,21.71019115167261,21.25178722212248,24.067086396693657,21.026482822299705,0,Core
MT_031,59.63184237544581,51.44615259915703,46.38247955617999,44.276180698151954,47.934341114593465,50.840211733131596,53.03994875535862,61.4274311934868,64.77009708562989,66.20093933499045,69.15606199791058,71.61247253143125,75.92188569472964,70.36850661046867,66.38077965704817,65.66676573363594,64.59785565041969,68.46428185453367,81.80229835368709,96.64208004611118,99.31463669440542,88.54813979249973,81.06351768795706,71.03889729457113,0,Core
MT_032,15.33577775063195,15.294251095043368,14.370646568411694,14.626754541594199,14.524796099273592,14.24897508336032,13.630437972103138,13.018202571227102,13.457060145462867,14.094017640911092,15.55423704384504,16.307533807868285,16.935119528903524,15.457610818000788,14.7925379993136,14.363698528760684,14.550326105433111,15.235596713803462,16.613409134830103,17.51487688396903,18.432826029489423,18.037110934016894,17.317746456661364,16.15467693554611,0,Core
MT_033,22.45214760169527,19.54703767058719,18.17654109804272,17.380667528244093,17.129707395053824,17.041721372262018,15.922756270718152,17.720327856489092,20.592871532407997,25.827754219615397,27.679745731820887,28.90869336185451,31.329880167607662,27.883284826753233,27.06212955884722,27.023707091102096,26.442085200179623,27.18910938719449,30.174349446202253,31.545417356557067,32.10361439725575,31.15633630771797,29.552305405198485,26.530499726329175,0,Core
MT_034,13.278074442009947,12.111213716785391,11.407392961888043,10.881379555596338,10.646692974506628,10.052687376443007,9.17476359270263,8.60632975041966,8.280110622937526,8.245576803215059,8.481338831977787,8.799790837377014,9.423789476099248,8.384787529777947,7.862478443248862,8.045424041847816,8.253343925297967,8.83707302337497,10.568304788562203,12.52239321043595,14.093024789785826,15.20085538718028,15.185560131386248,14.784418149350524,0,Core
MT_035,83.5968659117361,72.35401257832574,67.34737492671628,65.39049511393753,73.99537530408531,83.91190166071253,71.51648438394989,75.45960563011484,84.84377211146635,89.27641414710268,88.40735831092707,88.32890020995966,90.40587386440322,82.84044317756273,79.23642458251146,79.55290434561613,78.9312562634113,81.81254578728132,97.06975839718284,115.12763640879463,121.12125771705217,120.72704186004422,116.9056991386937,101.01865569986072,0,Core
MT_036,15.680792987143642,15.69787510263995,16.147605970965113,14.932714136098511,14.763954615764314,14.685612499867462,15.119144810394404,15.965593085159645,25.949206035052505,41.64177979150394,44.0276800955656,44.242384616200205,41.94807979350667,29.35414288423863,39.28533141071178,42.585124893825814,43.35116941806534,42.83546624161651,39.068565255448306,28.01113518314973,21.593855621959825,18.02722771402418,16.86063703331955,16.33786539528604,0,Core
MT_037,84.82968529278983,73.73033493659122,67.823699884952,66.70731077651432,65.8361764351541,63.75266933832182,61.89555125725338,73.42020846324223,80.58091951009946,77.15198646431989,76.14647501711157,78.2776429593678,81.31734576751833,76.29111244384957,75.4193161463029,75.05259241901297,77.40584666182114,81.92435959048741,99.87297060782139,119.1782608292722,116.63701102951396,116.46854318006397,111.45257017728508,99.7885711940498,0,Core
MT_038,74.37977287305905,66.5127073545696,61.94812955337913,59.14129496041942,65.39396024382638,72.27151130080165,74.97285442446004,74.80845795213061,83.58037598861857,102.25751744304804,109.15388226524901,112.09106937441544,111.24892940716931,99.21259913062487,98.52903232742403,99.88519123744405,99.35392634321326,100.57749300307113,104.51897681785768,106.0236300891235,100.67312964296849,99.63971639592764,95.30179967102788,85.73611992073133,0,Core
MT_039,13.111598327577964,10.794121297956629,9.543344235881897,8.87047203997302,8.632430570407182,8.909107042886847,9.284489716359255,10.159634846878266,9.443391744472576,9.352661802145912,10.123617053839247,11.890109090292743,14.236998573745245,12.865082083179415,11.633747151603252,11.206768054884634,11.39445939162084,11.752020112136226,15.737532235301623,21.560699577706956,23.613464522847742,22.26460440498855,20.232652509804566,16.72596516468731,0,Core
MT_040,64.41188859053335,58.325059608427175,52.320967875382664,49.87128716594836,50.23185233657513,49.08481320185632,50.36489007228227,69.64831027972713,83.62009311701304,81.7025633504073,78.4363224044949,80.20154041714618,64.7921978774135,69.90169310497853,69.71882498063196,68.77627847853721,69.37330294619822,76.89816172875722,92.81991109506512,112.9001474227347,112.55415529029494,112.67779106588144,96.56048092906411,77.91968469586541,0,Core
MT_041,32.8724877107834,30.945686329413235,28.908243108705122,27.70401655155249,27.28400535125381,26.621515462634562,24.143060481612846,20.942030676373594,21.822498599962667,24.394678302532512,26.200532014187043,28.442730695040762,28.16700112002987,23.949971999253318,24.742937589446832,24.40556748179952,24.306981519507186,26.084445585215605,31.77248615518636,38.087043432269304,38.83995239873063,38.30210472279261,37.4158033103105,35.22474488208575,0,Core
MT_042,28.310403398135513,24.74632699226914,22.60770720651379,21.32727492527007,20.94634142947469,23.366095353394094,24.149052841042018,27.540056722563005,29.450812179783213,30.996941225788323,33.66195370179517,36.344360401354315,35.51813478262004,31.287642186906147,30.822564134676515,31.310689533112946,32.19322895059779,33.56258919975265,38.588650095189884,44.07848447609033,44.61857511738926,42.497132127391815,39.8110291553278,34.17508329658803,0,Core
MT_043,714.5246095451434,601.7321573019725,545.7151079584345,517.745473212619,504.57345529214115,526.8962727894966,563.2583535560949,644.7716383548005,715.6018604940576,828.1609731815071,899.7145479435007,962.836786758758,998.7477443842947,821.545796776803,845.1869827639848,852.2727272727273,840.8390890423746,882.3813079459898,1017.7260282496422,1170.8434447140812,1144.048285732064,1066.0117603136084,1000.7466865783089,878.5934291581109,0,Core
MT_044,23.16144370838503,19.77806962170738,17.993145698647762,16.78118719208248,16.27981222019866,16.552146141250848,15.583014683296932,16.667513175302265,17.76821626118903,18.756817417761685,20.224905251497713,22.387734815449022,26.362092859578727,23.96550598239746,22.278414271651876,20.998009495408294,20.110505655886982,21.569402824436523,26.8696352515219,34.11224220788801,36.10577004471984,34.16025134050689,31.519265327248146,27.698850924992076,0,Core
MT_045,47.17696777234608,42.31508215289576,39.63919203290053,38.32614705408876,37.632998282473466,41.96329612218875,70.21996615905246,81.06684687376587,90.57809881510357,95.77497738725185,90.14755903925064,90.2900106664999,90.3453120095987,85.21155224789825,81.93487528533755,79.54852099308472,76.4976819761631,74.62120027656462,77.28406128431145,85.54278123483556,81.84309242794322,79.32152490413469,64.81027875351351,53.68689132330613,0,Core
MT_046,102.63047772901126,95.09976611487953,86.97298805271991,78.64184435123644,74.41747683045115,71.60096149167455,70.09822526283695,74.09308692676252,84.24405798793924,93.07314019158476,96.53519143870174,98.40692118298519,121.64053705992465,117.53457185398574,104.28729916210096,92.29217149845437,81.60920099522828,81.46890236188293,97.57161718098693,121.44022629439692,132.42487940805344,135.90639404939174,134.19767023171184,119.89126450428368,0,Core
MT_047,18.71559559855683,16.206775165605173,15.178902887504496,13.950640378658683,13.296358571445143,13.26200854998318,12.264226528149983,15.447630627965523,21.367616648685022,25.417837648928643,24.877753802248286,26.484772880195823,23.328286871077392,19.400783361755938,21.345411489692456,22.05470771122635,22.02905848675739,23.305356645668745,25.459619601155467,27.862399070754883,28.815045708186872,27.657024008399173,24.912375723616282,22.402558324342507,0,Core
MT_048,11.202122085078962,9.739982972602505,8.95612812597265,8.468211166949795,8.16296086169949,8.386279800184166,8.424693522962807,8.617388934197379,9.06241504657462,10.766587475299707,11.365447563746185,12.95670692854618,15.225176049464698,13.95340424381199,12.119037053035296,11.311363907433137,10.934300535356563,11.192093327616941,12.955632418818103,14.903449928383928,15.776757709875927,15.394679959068343,14.300560428457176,12.885789286493308,0,Core
MT_049,639.5373924947178,551.6676338422164,497.61368032616133,472.87072582805104,481.2405142398,522.4533523792518,459.8938338838794,478.9174329672946,604.3173228580781,671.0338362646191,709.7840966580364,772.4087135077226,827.3870636550308,740.5253995179002,727.6359253638068,706.183227688004,700.0007439811922,728.5789215248639,842.5382406332767,982.2876677677588,1015.7166026842842,984.5995893223819,892.8388090349076,774.010133023837,0,Core
MT_050,104.20761872748405,90.09270694035438,81.30734810895872,76.36996061294735,73.87569085669887,71.43500892724481,66.79722609922032,73.0207214382973,101.38877724758306,134.12484989318972,153.01090512275266,162.0392360324547,174.56417264049145,147.25204060008616,146.55783466206782,139.14992656031913,136.34752680000287,132.6195191223288,148.12101592776358,174.76573594354764,173.26649469845884,151.06347478083794,140.18392803642018,119.16897459693426,0,Core
MT_051,42.27043449400213,37.9050092214024,33.96691723107485,30.196597624683452,28.650781782836887,28.685734362823585,27.91221857094401,30.875589482859862,38.608619853308575,45.34656546830986,46.43161512528828,48.79623314525806,46.13254261479339,40.61763336384845,39.17424377813682,40.04653860041359,39.39915603196428,40.92187277747181,41.8917308882332,46.09120738976564,55.529011857130875,59.62271881226878,57.08394576332179,49.85848764137558,0,Core
MT_052,27.92077027403858,26.08484168631328,24.42781876103802,21.233527475684674,18.889797280739554,18.516934114127814,19.391525337795013,23.500942192477673,25.729142900600802,25.480655478659127,25.901446878089583,27.37573516363728,27.865712221461703,25.489501736507208,25.254481751886498,24.520638451593275,23.954874050413633,24.237558200454618,29.04358485224901,36.763067111144906,37.5140747923374,35.708645989133096,34.292188463846,30.76886920002366,0,Core
MT_053,46.8730269417708,40.38772278215185,36.923786566675595,34.991848379045955,34.143106591995085,34.485740092382365,34.687419318255856,44.05012100753552,58.05989008381652,58.14172801495362,50.256532758095126,44.57794550197014,45.270652314666236,40.020759086021116,38.14029635384872,37.46669176095121,37.35449135413425,40.65455063133842,54.44253288195794,84.79274292594532,95.73871702253096,84.5564786284365,70.67399065881344,59.308572030650424,0,Core
MT_054,46.3973790167045,41.28504178176966,38.3360662599284,36.55556047974762,36.068578402165336,38.68075970435151,39.34860325292128,42.208943317625156,48.100431359224736,55.07349767003645,58.04401653215415,58.83127173825621,59.22459157930329,52.146578425144895,52.932397408561854,53.25288024200763,52.688855076103394,54.27711219115057,59.59380339670769,67.16002967646418,71.59765001140771,71.63170900651144,67.27913357199253,55.864958956859155,0,Core
MT_055,17.92732641982962,15.207771019246747,14.352192648267966,13.544923663994345,13.054894290930608,13.115520179691787,12.703814193489139,14.306274815360089,14.513742107274583,16.504710643514514,17.253386559754645,18.41950819131091,20.615432887978187,17.61331540624607,16.84395254965942,16.792773298397517,16.889033338738248,17.908791877900658,21.08082925692989,24.279532460798844,24.99699859998441,24.527058278817865,23.210627491102226,20.403660799228582,0,Core
MT_056,28.690830115662003,24.43801780996321,22.30381783887435,20.01295776708413,19.185506807181802,19.172705787280137,18.97555266444085,24.972786947487954,28.753616070417795,25.147385892405257,25.993124023595684,28.259775363871167,29.955605714653945,26.35834495874937,24.847389201512442,24.854791151795716,24.84320927664659,26.521100783213427,32.845414187013326,41.0713321594711,45.199443373338696,41.798987413201246,38.218098029687916,34.487689250452384,0,Core
MT_057,16.523156877217655,11.828698926198133,9.628390393268713,7.732417062827147,6.894766483948942,6.328073348281905,5.015992173571345,10.834508113856348,16.424335389053496,17.72169536862456,19.036254368259588,23.09434857691227,21.519326451393237,19.69841664072238,20.567258662767443,23.65040164084482,20.25942535450387,20.283037568489995,22.817123694186265,28.987928036967983,30.323038408035384,28.922338553673185,29.872074271781834,24.458026811814737,0,Core
MT_058,69.12096231212172,61.31803173986399,56.980123783906315,50.79818622968246,47.80798867342643,47.084724869444045,43.16162587246662,43.597928969967384,54.61855999321121,62.81899255577032,62.46922430166383,58.14471528919945,61.39702967754327,55.63576312007799,54.665177150781666,53.651882049100436,52.59894840625151,56.652966246944764,70.73023125459892,92.83039282352588,100.41391569608072,105.70761495456085,94.68447162941204,80.19435167537043,0,Core
MT_059,102.05630261544073,99.79889776867563,97.57319213811363,94.64634791978025,91.63762657902659,85.75283985916533,78.13541304228946,74.71099629284429,80.28164528246556,84.60415641324721,84.87082043580864,86.04309050231389,87.79886652015921,78.90911429084797,74.83448802610934,77.21207947459226,77.09009007384866,82.29371922847413,93.75501403479042,105.02461121136675,105.41266370166319,103.01388936462753,102.86020074768086,97.97206142256466,0,Core
MT_060,21.655093526003032,19.152203687275676,17.404083891828698,15.94417252044255,15.503889995195662,15.831215496842026,15.02250869019481,15.553087905551038,17.71986382431986,19.828481092493448,20.130389109805595,21.142349630162677,22.1428507423284,20.123323910770324,20.122634623059565,20.443756535309106,20.311413294843504,20.953657119342584,22.903738214041756,24.921283343431398,27.190418487247833,27.602871021172852,27.1967082376085,24.608691366602493,0,Core
MT_061,66.54356971641529,61.017219021906726,60.72325824391385,57.325709661333676,54.01364895850298,50.33403234715858,41.906270584949766,35.593739209079004,42.06101623961902,53.743473678967405,53.013958449812314,55.665481869014094,58.78585943721831,53.87947076426444,51.62208704596981,49.16238667609132,49.098305744953414,50.19327816217009,54.905884980045364,64.79981285010156,72.99111877470544,75.83180686399116,76.8438098660009,72.43873555170885,0,Core
MT_062,46.16857094981267,41.16901116441019,38.05569992700957,36.11335951900165,34.69885061388636,34.08226616794613,33.571049215992005,33.72682838162915,35.734348951011214,39.27552037625566,42.674403083206215,45.9743085080701,49.153225920971515,46.75448237863565,44.283316434772956,43.7067773167358,42.329331640637186,44.11802295364113,51.18162118255839,57.95268971119079,61.59468447973732,61.66810091422629,59.17208414631027,53.51774064827987,0,Core
MT_063,20.066310048522737,17.439766192774336,16.030377936759134,14.963084790541334,14.48434237085671,14.34170056282888,12.419510238602824,11.016116480728234,11.042819245172792,11.512297440458285,12.895119170623033,14.506413023101704,16.720562654494564,15.218804631676234,13.929170099879235,13.411463442280612,12.58980848123395,13.498111188131327,18.126681184251254,25.357408327774802,27.47210378547108,28.00711274452103,27.52510059857789,24.275673890581878,0,Core
MT_064,852.3315607504522,746.1301532143424,677.2846136295829,635.3437231260641,785.8026641394199,779.975956053985,881.1316449920147,863.217150178136,937.1259586865337,1168.8209691289771,1211.9947700029836,1259.8720581266782,1178.2411063725233,1061.1848224784571,1182.988469436108,1333.864230681479,1251.7681953000229,1218.9534740869444,1290.0805559943137,1351.3180294494462,1342.2445111356815,1235.9641271345583,1162.5379525790204,1015.9532459327122,0,Core
MT_065,53.63926371369902,46.275789576610926,42.51246699911997,40.24885108047326,38.894898308399334,37.76064583944461,33.84118020925002,34.343221374792215,37.327356507284634,39.53077637625892,41.24498875525569,43.66933118216485,44.79930575926469,42.69794416740002,42.86294856751736,42.826892050454674,41.7574190867312,44.4995477657182,53.50145448323067,62.66439327270949,68.01328590984649,69.75316563997261,69.56157719761416,62.765229295003415,0,Core
MT_066,31.646556192553547,27.577131502597886,24.937985737933314,23.01863151689124,22.413726146960453,22.532927294311953,20.964838897761556,23.57728576290622,27.87877513000207,29.560266428048628,28.05879043737113,29.628092420263336,31.474226932015974,25.61651534593414,26.030617974346406,26.24555759977433,25.862468844541752,27.96615334661267,35.37846903655808,42.56505766692611,42.530133348867246,41.70395073594573,41.078953769911585,37.92214600899996,0,Core
MT_067,150.98083227338606,123.99443562309662,109.55213416577301,101.82629611463506,98.15389049151074,96.6297832719534,89.97289860253225,115.38530816062429,152.45990905236556,173.3263224401234,172.90511462671844,170.26148137679536,160.11716227862343,122.49249723582375,124.62278346315958,125.71667678119641,125.01073802813781,131.28936699670518,164.5266815752064,206.0191150756373,219.4139392075197,209.41371751919684,202.97852117262042,185.71800691113347,0,Core
MT_068,110.57367820089536,99.91289378441172,100.24003836802494,97.16392643375877,93.56414495363599,85.87862935947948,76.05238124731018,83.93640690433878,100.96857029876556,110.66816899082248,116.82396604048651,126.4929941828611,135.94008807494467,125.96336933511834,122.04398665377146,118.23219642650125,115.53920891357824,118.0916513019878,131.99331100492148,151.71210959025936,161.4454549930045,158.43643945998912,138.44210890738472,120.43962832563908,0,Core
MT_069,118.60785485925192,105.2595326592675,98.95294535561733,95.63590050165048,94.7352688898708,96.55472669144592,90.95339588802534,93.98062710645559,116.81308969926957,130.2428542960864,125.76698810421158,121.90107348010288,123.78594512168702,107.56157998249853,107.80634037723422,121.0108387700465,121.29848638439076,123.50956081754302,137.29931813652863,153.3413042913212,168.6685034526378,163.995529332259,155.26992956099082,139.34577495906217,0,Core
MT_070,30.773042097415942,26.86037917320732,24.6103731391882,23.502504459481674,22.795613427491357,22.865289270876453,24.35523659502806,26.63450192929223,27.41254884709249,27.93466227481155,29.10059415733899,31.546421189107075,32.91227264840614,29.5319695994732,28.7297866052062,28.272681194763116,28.50891873565213,30.94768710354787,36.99286346312623,42.926125845502696,45.440717925317514,44.99909603562668,42.39752300099778,37.105118988579996,0,Core
MT_071,31.960576474316696,27.587158037374294,24.94500720176809,23.393870487452556,22.538032062257674,22.532050815287306,22.0856244109772,23.46209137681024,26.114904435276664,29.862199004581807,33.33990403652687,40.302248879513066,43.75273490350602,38.01819269948066,35.504421961890614,33.319186383977325,32.54569846054839,34.27436551972355,40.73315871559569,51.54170541474487,53.50572153949322,48.434057532314334,44.27032947828963,38.10487743818164,0,Core
MT_072,71.27471111647944,62.04131790336825,56.47973724856275,53.71961358268677,52.45348609101554,53.15443928456086,53.9249952241808,54.429561592647886,61.8462160520637,65.59833947122472,69.06562703721883,74.44624055223032,77.75718964242606,71.96067294933177,69.82975810797033,68.48224894396571,67.81234928328445,70.44654551933927,79.74375909654349,96.39423509366172,100.59674182049943,99.08132941673324,97.07826946585352,85.92384046108283,0,Core
MT_073,29.325249925287523,26.37427921395588,25.348790208740468,23.43415386225636,22.01298137903396,21.61187522121091,20.48912227643754,29.05196407741452,48.404131152417584,55.71046057315832,50.738637850373976,38.29341552394449,33.213999947666835,26.259197897859437,26.588432029548958,26.544964516737657,26.484540370215818,27.88910051685885,33.795345653661876,55.596067851324236,64.17862066306118,59.764559292786146,43.07492800746987,34.804050173732335,0,Core
MT_074,67.40211105834574,61.392996779829666,57.349018751007925,54.72617404675007,53.60175270013474,53.490834070932934,53.91704401295796,61.812332367951065,61.88664970744978,61.40525914084694,61.93960081184257,66.26319783052817,68.83141929025449,61.23209973981496,58.985858153466765,58.539210943079574,58.91414192085052,63.50955460875261,76.83038033384835,90.52316434313508,94.75386468744732,92.76271736892834,86.71830235415024,79.03165992979969,0,Core
MT_075,36.23684150603225,32.73416058218174,31.234805530887222,29.822347774022834,29.410297212187455,29.56634399139533,29.138387373739402,31.191273167588882,30.3800643207411,31.86803398471143,32.374181424137824,34.152645897041275,36.1430794927743,32.4294340390934,32.66367164007174,32.48200773938447,32.77400943781637,34.418193313161105,40.71230331743397,48.08534620283938,50.45166501243686,51.47249893178277,49.971804423156,43.18309979894745,0,Core
MT_076,47.19968368520033,41.12773535881129,38.229899722892284,34.765887176624595,33.17800017277698,32.839091458835874,31.468504748044623,35.36761627559259,38.39885568469528,41.66982316939455,42.95767628237076,45.9958932238193,47.6314600320302,43.92489517088308,43.45656984509878,42.401135011928254,41.689094449206884,44.25865380142607,52.11402616906893,60.47410670972802,63.75238399021818,64.61228178598247,62.97721337293914,56.52615245575913,0,Core
MT_077,21.46719730925202,19.61951601863505,18.892826389348876,19.55300170011702,19.437268625849136,19.203226542433008,18.03458008581543,16.579912859802906,19.280228595821097,32.69753740625437,36.885731528706955,38.09872086433655,33.646217423623526,26.45153930508636,30.871199576074716,33.62726590271797,34.12396134625717,34.8075960639715,31.439377212544063,28.03077138209946,26.44951535625179,27.220915855247174,26.56515643284537,24.125010119744168,0,Core
MT_078,28.5810633419903,26.336860232430784,24.659819174339567,23.167593789477042,22.76062322996908,23.250510123493402,27.922209793726363,30.7202331256306,30.17106911210754,28.72925614198715,29.765710317191694,30.466290659895822,30.543118105453104,28.058582986714402,27.084987630602182,27.792820913970814,28.65314503624859,33.56186364399917,38.72524105730324,38.234458739005525,36.626186303511034,38.06916332583684,37.64079211424474,33.03938328872327,0,Core
MT_079,25.864904235858763,23.439330458687024,21.184751083085818,18.749718041146348,17.45913476347715,16.91340794995418,16.51757410121219,17.680214759266562,22.832118424173807,27.567208076174733,28.180119924073633,28.191883368720685,27.32332882684258,22.92671107185112,22.69022945265784,21.83768289730974,21.215675602518786,21.719927178214004,23.207214654001923,27.34552171725918,34.047774623072556,36.41319717813154,32.259973581971316,28.63137536254451,0,Core
MT_080,10.51094273906376,9.206564777029778,8.152578864831613,7.525732331765133,7.406601166185809,7.339021304984448,6.933108933537805,8.526000918392985,11.061761928278706,12.119863280742337,10.649784697493478,9.295696549095036,10.238240670946723,9.07692840866755,9.248477287101776,8.648922621058924,8.233912960604407,8.823612230222059,11.268508651088641,15.476654623588836,19.255711797884228,19.779780625373636,17.578778190765814,13.408862492310622,0,Core
MT_081,65.8783907440146,57.53673039124181,52.08321895119818,48.790614808551766,47.42557840758107,47.70718722433906,45.298528222190505,53.37505078566801,76.95241154143194,81.36504555154148,77.02287093668902,83.00139637710598,81.4977288283243,79.30891228994862,80.83865896554626,77.86906997258488,74.9719992533134,77.1884962683972,83.39853115037316,105.60078987727253,114.6001475072015,107.24926520916374,95.91559696493867,79.75271497436007,0,Core
MT_082,29.8471250577018,27.738273602024734,26.872746645336896,24.527367564427042,23.772145551788356,23.743667725196186,21.785661700332682,22.34526964646706,28.74768197952979,37.456176479951615,36.971431641277874,37.98457073842383,37.62766522611146,35.71318426372507,35.59865117074957,35.312131902328765,35.37244520318991,36.64051680913042,38.88305238527291,44.47129733537081,45.089975009152695,42.201278791207045,38.77212565461694,34.38666471674387,0,Core
MT_083,55.35871329137192,46.32935722114917,42.1814523472467,39.6289345603563,38.415553483888075,38.103280072521926,36.706258534627,38.777587536415,43.60284644407752,46.517229029613354,49.723066799090915,55.662354754781596,60.425497487933896,55.63256607163773,53.90448394153024,52.24173380968147,50.47303074801415,53.09358859526726,62.00006634752155,71.84370284163727,77.20448103036347,77.93735033725528,74.23542944110338,66.6567483892108,0,Core
MT_084,132.75381436331975,116.38031866503783,105.68017397482218,100.64796523969189,97.40976355712662,94.31072873616993,90.55918003101743,96.93161437891507,152.18139994281705,212.0166523709268,214.3310460149542,233.0692953499857,231.37546677756694,193.68182448297074,218.64792625131045,219.36000571829595,214.54764813418936,202.57659050936155,184.06469038893079,188.0929483014062,186.04064322165328,173.72139769015502,165.84791065595786,154.02576698810424,0,Core
MT_085,89.78284262690315,81.8337218948515,82.73737874389293,87.43464605061527,81.60578620112712,81.6398782128443,76.05731129415898,79.1008974940623,87.14114879589636,96.48214146786215,92.3248828851982,85.6022004208178,84.29402874044001,78.16402278745028,81.15515973855797,82.94302350687914,81.2729520098115,83.26930154209532,97.28592620565524,120.98730465932901,133.2342042531096,134.22680628656695,127.05961643864356,107.39180375589069,0,Core
MT_086,311.48636478259306,266.24338052523507,249.87211354875896,241.19925069346877,232.47775496235454,227.87024028243093,217.31510501098742,237.14831225908713,353.690694909759,350.3728520479844,318.44807089592564,349.4344176663425,369.0622861054073,309.13037213156093,296.5470658164919,289.51331099823483,283.518858748514,298.22039698836414,387.638243452574,511.47375625923127,523.7760726250946,477.07770452826105,441.87290608451315,383.43059908498145,0,Core
MT_087,79.25274372019021,65.46280694720608,58.522012067492724,54.90916872998759,54.891109028225515,53.586747068458905,49.53324700795891,61.75063525000947,107.28772175056301,109.21243446585721,99.04075894090684,103.28253139227657,99.0732664040786,82.78115795195757,85.27204231749316,83.72251990630626,82.32876242281735,86.26035949642326,90.98161702957637,105.34540082605076,124.46294961884998,126.80529293739242,116.75732636951233,97.9215089242016,0,Core
MT_088,93.83755418663017,79.63419271427486,70.65556316069663,62.866377671305806,60.14982127918473,60.75138793824625,61.276903186554115,63.78203665677999,73.33181230511826,87.43250437295612,94.97908586204274,100.01064719750552,104.43836033158415,91.01756787588411,93.1211498973306,94.61936268917789,93.61320252490682,99.02882348467566,112.42756103125713,128.80142976652215,153.5044490075291,157.17240854817857,138.24473343980532,114.47486500874591,0,Core
MT_089,142.66429820844604,119.70039365658802,106.07179977474294,96.90624671801945,93.60434796779764,93.16886310383914,95.60567705673796,101.22623846100915,124.77591995045795,139.7308866508045,150.36314548634877,161.00219462642463,170.5194854578838,157.28970879552674,162.24617841660964,154.84836797294017,146.71041433532878,147.34462877857814,150.53109235176314,183.29702783843783,206.41982551633475,211.4233745821699,207.02597336752027,179.2042849537716,0,Core
MT_090,98.15585708147144,95.58890966620979,94.51423529551634,95.51205622444941,95.33849907351265,96.02593400284995,101.47477933296307,101.77762860001053,96.7819425832607,104.27579006187338,101.33062605408104,100.74329167112501,100.76112506645063,97.27533318726933,98.67557317381785,100.31115028796687,97.62584432634773,91.94856169420652,93.13193485545607,94.39577059799619,91.01878366053367,91.17981497427743,91.16346769522896,93.75684674999108,0,Core
MT_091,77.07990588295459,98.99252935678312,106.90859843135213,101.49590943357629,97.60511114185637,96.46346480587788,92.097903279348,88.60492895332001,94.97205300910167,98.48637398694727,105.76775116790157,109.65078704077871,114.59932905304426,129.5123054886237,136.2262270215279,139.95424282398622,140.10640906394818,132.05997701410794,117.77335928720903,98.13352638925608,82.88916316102134,78.0430165855494,77.39394138643195,75.74465568877997,0,Core
MT_092,13.514317921905862,13.087861413006781,12.87045743857427,12.801513636302253,12.765442523257871,12.762777170077252,15.095138893331145,27.132762308067917,26.119395028796475,31.825649653184243,36.09367970130986,37.687649748426196,37.67370106678096,37.064401329691385,37.26483588887396,37.22450021074059,36.911854282653955,36.00083656551829,31.85781158156372,23.53551281039815,18.787630344655046,16.50200114716801,15.519729655003793,14.656332914695195,0,Core
MT_093,2.350104406619486,2.357226987981949,2.3947508312573635,2.383111490982119,2.362786075874603,2.371472150706875,2.4166397398346886,2.21286442426959,8.260196583245605,22.145842670863782,35.86541100768892,39.97939663049785,11.278781308956734,52.38311149098212,73.71975943047144,72.913257382295,72.75239127640133,27.92729407922395,18.577429408269843,4.096613473144395,2.436270268955623,2.550752735244967,2.552837393204712,2.4949012740734586,0,Core
MT_094,17.292021392312645,16.372890711816993,15.889114967943698,13.435044697593037,11.786575607880001,11.045304928304349,11.117417344817365,16.132948318743107,30.371691950974622,31.63495622586093,27.488751673544147,26.14533366951208,16.1549106134605,26.106597023711323,27.91839987216907,24.323241399513506,22.442525366450397,19.42962710098747,17.0021018088976,14.506960318110869,13.704731300835363,16.016565449886368,19.384837854280345,19.282635364689956,0,Core
MT_095,2.897672289013208,2.8699746759558544,2.869078313073739,2.864237953510318,2.8735601274843146,2.8715881291436616,2.8916666577030377,18.64282413109271,15.21835937626051,18.932080433151228,19.6808123485819,19.994001539592887,20.059525666275494,19.393707317440462,18.95081441738743,19.198300209139386,18.776113291663215,18.58760817755443,17.663995863823114,16.266924675758656,15.448545364387646,13.215346879886297,10.365002551048761,5.302524265439582,0,Core
MT_096,5.117201837137558,4.99260978682459,4.913350990486961,4.838952871271415,4.866132984158161,4.9073991409497175,4.959378626908313,5.291789423563373,10.513446220079558,11.817298058705076,12.124711087303716,12.58865775873186,11.762441845470146,8.760229741392141,12.069358886607349,11.766608140146218,11.824440278149769,10.330724439286177,9.437252626253612,7.895326806138342,7.27782241664931,7.063853425785399,6.103125712981978,5.469253737265523,0,Core
MT_097,84.2924438769348,81.06676962366059,82.18764918698488,84.64905469374612,83.7571681650073,89.8116433431689,99.14715372802101,110.80818364306708,163.52475281693788,201.44556796024364,204.50839473366352,209.1364266445798,221.64404776284232,213.87913481614413,196.07879085925956,182.76915488988203,187.32385151185733,170.43660379963075,156.803789277518,136.7602482471428,122.37430906654244,109.05892130979704,99.00048315013893,88.97619622797787,0,Core
MT_098,285.4598472982893,182.16123325067912,163.75206212711157,155.24363827443233,142.85480708187728,140.50260084548617,147.92823177463023,168.2078353500739,180.44133748746935,254.5479558019772,462.9541612963971,683.7666760258763,756.3707464928334,832.6657848712318,838.8028330215475,853.0415176804495,867.7402695226915,875.2039574798691,872.8962920614732,868.9611953627934,859.2713122176028,775.117074694388,537.5391705484835,361.2731118921729,0,Core
MT_099,473.6274651351814,291.24088274298424,279.4619748887748,240.96362187713893,165.13798874914443,157.79338317077344,232.8155747347707,266.0574681297057,296.89304735626285,550.2084135438056,981.1852968856947,1281.468573536961,1259.6987829397672,1325.552917522245,1341.3878015913758,1377.4998930527036,1427.7484118326488,1451.2133170773443,1445.5384261635866,1412.3453274726214,1387.0322392624914,1393.5152506844627,1212.2295570242984,811.4880112080766,0,Core
MT_100,7.975106884637499,7.71661056989038,7.499127332846639,7.399898469847635,7.3955693116456125,7.3752906232256095,11.364951682037452,16.49899153398936,30.792390889263782,47.19181178460661,65.69486179048515,75.7963828288269,82.16457454400293,84.5174720268025,80.96710660028016,76.07561353285739,72.41724700171618,70.26360472142551,68.89650213131294,67.09921792617827,64.64071176829252,55.60393579721676,33.92920778227707,10.613273107907228,0,Core
MT_101,326.4177559640073,170.59636495455598,165.00678500478173,146.0770390191435,113.00192937394321,107.36644034084811,169.43462665779492,186.68451754919428,195.324964763288,263.5816358896942,633.7999365619941,767.4862928594085,738.2144824675001,777.9046736639266,787.6949347375552,797.8655853586991,811.8517577812917,825.9279597049418,829.3291073127806,819.6843243733114,814.7031888330032,820.1836601821578,775.1841133107724,540.9133403449024,0,Core
MT_102,391.62952755798716,647.5367480517226,854.4822812770971,987.6613618547221,866.8078088423176,686.2782860764736,466.887421709493,250.66185824840838,245.48792605994515,348.24390561467374,559.6696405078948,638.5840302284768,683.4809855901162,701.6710112416442,712.3852937267231,737.440742438586,783.4385344360687,834.2151328644267,873.5163570309329,878.7409231837552,845.9868514444695,793.3193909095759,562.4954225992041,399.32227342883255,0,Core
MT_103,454.42348519124357,306.9496165848792,301.4260606271535,241.44914674184156,215.86793350270887,213.40647803338788,246.22182391907106,257.0815786726065,367.04138099049874,594.9761598162393,1123.9118203227417,1214.5256905532547,1246.2891100824836,1259.283750391536,1264.3583452244227,1273.206185686609,1272.314353994826,1270.952099212288,1298.6560168911474,1293.4529402893306,1304.756435689509,1293.6373971855821,1150.6983839719717,775.8961820902794,0,Core
MT_104,146.38674853111598,116.31969151740641,108.35823828789455,101.18171468070835,95.93337670522703,94.98343058125118,97.89917390096304,116.23921632409655,170.18097600314448,333.74384152994355,643.2843027629251,653.3786027473384,671.4070791062679,694.0402613156593,704.5235529713135,694.5185380961094,686.9941922323649,681.3656725015417,673.7235787233755,658.4649738074423,638.4669729806657,623.9497563719411,509.2983579672135,299.014136526589,0,Core
MT_105,47.53820208967286,42.85304368491325,41.89953766906341,41.30653658127001,41.01387817463619,41.05857816181657,50.75950619727369,61.27271827650343,82.72486998582345,134.91580659018376,219.22457423496488,246.85638203364138,260.7157208261832,264.0029972419077,263.15519685611963,263.886327464047,262.57569010407883,264.3867424148714,266.1694941048495,263.8415337662016,257.95219331685524,228.82138972166433,174.50612605358899,106.83128256914159,0,Core
MT_106,7.562565285586049,7.522914550064905,7.514626896328928,7.496101552683804,7.489276426077705,7.465388482956359,9.2274086684308,12.361929313788771,12.623884173051412,15.160718731332466,18.59083235994028,19.817242609850418,19.038040655654164,18.319452325840643,17.76109196825601,17.653027463659452,17.81033038162858,16.01125950886389,13.008041299166102,10.27360307533705,9.001041969328531,8.331204543844288,7.8388204101186085,7.64771686514785,0,Core
MT_107,3.0437236617484604,2.975238917494735,2.901175359804611,2.893384258281364,2.788060108059692,2.7183249401047043,2.8158579888031285,3.2922694189838935,4.40389608940568,5.445979964749594,5.805332499204538,6.081002832113497,4.803069809423886,5.765896059395511,5.530239284926932,4.703420659077172,3.878718134875702,3.3633511970787024,3.913729998511034,4.456510071297235,4.897332519211317,4.261347787461828,3.4365490768218003,3.245522809844412,0,Core
MT_108,5.7351956735940295,4.954268865973177,4.823017502688959,4.806658092079035,4.8606253431715425,5.0685967010402315,4.99187670645576,5.007107881851207,6.24055103007875,8.218441380659039,8.018649728095314,9.165876902016533,9.464859233853074,8.545159494851488,9.090943279854985,8.523911064978828,7.028059209784056,7.101958616332333,7.900561108980001,8.39030921166445,9.37572865190935,9.722660980361187,8.004922866319172,6.69466570390595,0,Core
MT_109,10.692909257722052,10.904073281197666,11.075188955393422,11.19897476225844,11.289993737894479,11.377371954505078,11.355527400352429,15.13827602778627,21.167372973917594,21.003538817772718,21.45863369595292,21.564215707690728,21.105480070485086,20.916160601162122,20.981694263620067,21.38217775641865,21.47683749108013,20.85790845675505,14.406483463672505,11.712321784845706,10.969606943655615,10.736598366027351,10.543638137678945,10.612812559162338,0,Core
MT_110,6.0076087625711185,4.794181342778195,3.9404137196745004,3.700715969709811,3.041603743178008,2.791494192931565,2.7828931405248998,2.8105070456199823,2.844232224793485,3.3985474180546054,4.706360070836458,5.2181226890330255,5.408477559401585,4.876344027610284,5.320203600491076,6.491757475672602,6.942633696569358,7.1092225010773955,7.82922112490901,7.797080350126209,7.119407957874761,8.576607310351323,12.207835830354654,10.19654762810136,0,Core
MT_111,14.02951520227674,13.10639117043121,12.664248532007639,12.444443693937103,12.256723044778271,11.857077884650025,10.757490813790124,9.603585773983214,9.266420350156707,10.463385748766168,11.290257213876583,12.089266093879464,14.223146096761413,13.798171313808133,11.836532746136388,11.357239994236105,11.273370798659895,11.702848625670955,13.122996145394287,15.21494155048813,15.847337800353039,15.818068013977449,15.74376778702403,15.250403022443171,0,Core
MT_112,6.9145660075257735,6.577586998083727,6.475581046907258,6.494931769352659,6.361411784479395,6.256088566597999,6.350077789904231,7.030670342198176,7.795853195467729,8.858760735504374,8.948603375429448,8.80374939598102,8.475063553301288,8.174850916505504,8.331315329421171,8.15577663295218,8.33242108498948,8.754266834299212,8.228756500460548,7.944577319405237,7.8226677679992145,7.7695915007204,7.812715967884436,7.63855946587583,0,Core
MT_113,8.02658787099115,7.341996322043821,7.340707800400781,7.007238399181944,6.409364356811228,5.886482274065459,6.862150862175602,7.967058171082687,7.050790430716706,7.68474307909255,8.071686128497564,7.6462162819656445,7.725073806519712,7.958553928238621,8.288673173185556,7.9876745173713335,8.194095684586394,8.659251997723956,9.35775958041612,8.772384197982896,8.41816959831111,8.104543430395092,7.587459695043005,7.223323478719807,0,Core
MT_114,227.8195556885196,204.8475597318357,170.15867295828403,156.7430907796982,154.06416724460703,152.32184705205088,152.2385556477238,171.56272805979756,195.7381998177788,216.31287651114405,228.41279446627772,236.75666671199534,234.01938253305593,231.48551069529623,220.1765777771734,213.6594503447244,222.446976805327,238.00547116870874,285.8572328669015,326.91876198376326,355.3675927310968,371.0133447561545,337.8871633780727,274.8231049222387,0,Core
MT_115,3.7300743758064967,3.4638944381686536,3.281958441304693,3.216418201142994,3.180247408223566,3.1708182698984158,3.2544439065198287,4.155158480628836,5.89723043020984,7.171091560333804,7.294597814789458,7.354882469655172,7.661406753241608,7.7492059428921864,8.564439967922377,8.55918438262639,7.389507502193428,5.605545446282657,5.5737027824305105,7.202006767957246,6.606116141015385,6.348128733397754,5.000071104977529,4.152221535904609,0,Core
MT_116,6.856499411170381,5.90550580747646,5.769353934309881,5.643767446501028,5.628954122700504,5.852787802186359,5.88481072275514,7.31680166397195,10.073604791848839,10.419648392689016,12.016110796691054,11.998574435427196,10.937461196716148,11.323805752013632,11.080257281293257,9.870139432588704,9.619184299968065,10.105736633916152,11.564631185270676,12.10444613200153,13.460409867242122,12.8188622408812,10.373029991316779,8.323671996413434,0,Core
MT_117,2.8500363184288093,2.595981924597355,2.536069612649989,2.5194818687228495,2.5403256785260315,2.5621516573775307,2.679466293704341,2.880374429032394,4.897422264593723,5.553947708446828,4.832708237299026,4.616085397197893,4.4143042227157805,3.7895355780916065,3.8129985053569686,3.522276467054995,3.7864799410523964,3.7975020603724037,3.50154178714607,3.8935363673190015,4.131876056377377,4.016744017935716,3.643192389892302,3.448832048219699,0,Core
MT_118,56.720602510675235,49.64499232043865,46.623172090070156,45.701991731397015,45.1543527606968,45.323059970309366,48.27400252865844,66.7952098621349,73.21755270638019,86.21465979634941,98.86655362939557,96.86099076434114,86.83604365881095,91.96182973577537,96.98129930471067,70.88225957100889,66.39345503190184,71.55513870003469,86.91586705642504,95.42164645391438,101.25311265375178,92.02938143289421,70.66744746794677,64.3772261094076,0,Core
MT_119,58.60994000029126,53.545462157950695,49.873938718744085,48.14330391600041,47.384387697147105,47.19588739860487,45.37168508890734,41.06284678229718,44.184069494808284,52.9249858010398,61.71878413211586,65.79634322163484,70.80957738069232,71.74525245023082,69.84250076455939,70.4824551822564,68.03095009247528,64.41895306333464,66.05456405551429,70.79374007893166,72.77950107038315,72.86041693972359,68.29108232484309,63.989980631161984,0,Core
MT_120,7.2920913185820675,6.792906829532216,6.587729365816089,6.444400940965898,6.3490279303088615,6.2626185484729735,6.094012690347138,6.655225490839349,9.662612596623438,10.896904285295813,11.969761018899273,12.450390796289344,12.70199985729903,12.825070481013421,13.436569239192284,12.507130566727223,11.438486738669706,10.720320797519154,10.92352626289463,11.081644675299717,11.012355824512225,10.118413122178923,8.476365958432424,7.930749872089017,0,Core
MT_121,20.69001409930071,18.842832224629934,18.24156171046282,17.872125335528658,17.997505023073014,18.483252743370645,18.41898579661049,20.926973823244605,28.671732321464056,44.111964849528604,39.140541955670784,39.911745316792675,34.303961367285204,36.40663392600864,36.72599728107445,32.92439052855029,30.44124187397685,27.313846648813858,26.543431839185963,28.489182650605443,31.317322583799367,30.27052047552809,22.961042401990937,22.614868296129472,0,Core
MT_122,4.773871595479991,4.074492214769565,3.8211216834884265,3.7338590825131313,3.6431869537830006,3.6442524312063864,3.793845461449751,3.8339074125690566,4.215135234656488,6.283972747644658,6.434311612084391,6.333623995574435,5.878771683531045,5.990433717501875,6.312527542591397,6.169647020115364,5.446400945121096,5.846381169860118,6.534253394397977,6.632703508318824,6.754274482327141,7.073171875146507,6.3699567757118905,5.536753430624209,0,Core
MT_123,34.99654860169893,34.82058545797922,34.930380642696896,34.71103264673774,34.84458043212282,34.67346475792706,34.47035578487318,34.9536484964119,37.91230152036034,54.11884637981281,62.82344740398617,63.71271568815647,64.16159136607509,55.58350929647705,58.16721055274725,63.718047904632826,64.73116903514028,62.07960320553464,51.78115420188353,45.738541066792315,42.89816629922847,40.14116800747673,36.58579148512892,35.23165087361095,0,Core
MT_124,343.7370025773787,320.1631575672427,272.8672764607056,217.71726778211163,152.02194865547293,111.42004722465114,91.91531657218462,90.61680241297665,111.44870295956432,136.02549869166103,164.4020448732434,322.46871612482767,329.29451218114355,368.91147506623565,338.32679982577315,317.09371899040116,325.4415439382477,341.5370608713309,354.91928907577886,408.81908897687566,457.1735948046334,420.4000995582105,382.7022521770171,358.89752381700947,0,Core
MT_125,30.459474652132197,24.768298761395496,16.999217468054194,11.972536566181072,9.28447867094936,7.320945266237788,7.0536560114933105,6.408623218956279,8.961583140986171,17.80500294713259,33.87445821795031,32.7134244669633,39.452399511878,44.21823643181609,39.89017255132712,35.58927991895638,34.58710318603737,36.03248720802914,38.97570207977579,43.039762530874114,47.32978666399757,44.09931482958699,40.642247423660166,37.84601004754842,0,Core
MT_126,39.39928106716901,32.63712444432003,29.434091511619673,26.530613925165778,24.337396747402526,22.757561336804496,22.572860697295685,25.523130942050102,37.993991877562955,43.36499316360634,44.663660958785684,46.162672686864624,56.33740004072744,63.32336553656222,58.797513759237084,54.060614743008124,53.18431586938014,53.87262077857494,53.90349569974097,55.53190765297357,57.899122164241405,55.88182342618863,52.57491353649854,48.52137944207782,0,Core
MT_127,37.272969971684255,39.04320067253429,39.7468340050156,39.944078545644565,39.41198690148565,39.86696998872482,39.05910519992842,45.68035876069648,51.53237281348246,53.39078843854459,51.88383446795092,52.56460504230317,44.93597007676772,38.686626848546275,41.618882082129815,44.76102027543231,44.55553946168852,42.94918219488156,43.02075256815513,38.65538581259352,32.7607703471447,32.715896859139846,34.29768731131123,34.64929097048857,0,Core
MT_128,144.5025013250688,144.487601329342,139.94403973931944,136.11324146689427,133.82042262760206,145.302790403728,173.13851260933222,193.55038222706017,236.71988682750415,279.09425643586104,294.7659594885047,296.2816357833799,279.1929337660517,282.1561587023847,286.52569958759807,284.3356813477543,284.8152925309601,290.2306444369975,268.7941424087239,228.3873219216234,236.8356194987154,229.86476426519965,206.943135618824,189.67732044474332,0,Core
MT_129,80.59893885617672,78.66701816978548,77.47164486564381,77.1169141405213,77.19597864773083,76.66025678271215,77.07204907362652,80.24269374188462,84.0279815850277,86.74699110445742,87.82967737123468,88.36900080396552,86.96004711707691,86.09486731272364,88.39870755641049,88.72379128049742,88.819259609984,88.56699121983945,86.61145018318958,85.26259096121888,83.48484024327477,82.48159450550764,82.71608582115537,82.21295628957759,0,Core
MT_130,103.28993388541653,45.93797714947612,45.32684974163414,46.314055554301966,47.90298681469113,63.83930921918604,79.58759242126804,40.08055599431372,27.622958834457826,20.834743627351447,16.763694895111747,16.951734097524668,16.895322336800792,17.05515565885177,17.534655625004714,16.73548901474981,17.421832103556962,17.205587020782108,17.03635173861048,17.901332069709905,18.01415559115766,18.023557551278305,19.001361403825488,23.721145384389757,0,Core
MT_131,154.29642938626512,95.76595653661877,98.18474788957339,103.34851984941822,115.22679956650697,127.76815252110427,135.7000770020534,75.31585101528634,53.4843429158111,53.01377481177277,44.21557723020763,43.34039185489392,42.57928359571071,46.764487793748586,51.73931953000229,45.79661476157883,47.0069016655259,47.42221366643852,49.73227526808124,46.91243155373033,46.15667065936574,44.859043463381255,54.070770590919466,46.814396532055675,0,Core
MT_132,26.588313347112006,25.23928252572548,24.392086699204363,23.179411934329142,22.934641636165388,22.69098901059599,20.72053222674806,14.506272602134043,9.6052782758872,8.612785012099925,7.602408986802972,7.69517581213444,7.840473249400594,8.840790221348353,9.810930033248527,9.843342538484825,9.641043798906562,9.566159735084774,9.465569201592821,9.32362478210973,9.244270027910522,9.477863600130727,9.679044667114633,9.85787228221144,0,Core
MT_133,1.1363186224520347,1.1388519635235737,1.1416156083288884,1.1388519635235737,1.1379307485884687,1.1406943933937836,1.1549732248879112,0.8938087907856399,0.6372504313588935,0.4177709730701239,0.3917466511534072,0.3963527258289324,0.39865576316669493,0.4320498045642516,0.41800127680390015,0.4516256219352332,0.44287408005173545,0.6542929076583361,0.6162927915852544,0.773129634286883,1.2795675448608645,1.1485247203421762,1.1423065195302173,1.1499065427448336,0,Core
MT_134,4.2766937996714205,4.270572179390112,4.26305855642202,4.263068376546794,4.258148494034767,4.230636186963394,4.409989718329363,6.218747452905138,8.408900420988752,11.346358746834238,11.500567848715088,11.235026764750074,9.720452963075351,7.609453883221042,9.824124020319804,10.565402276501327,10.565914150505199,10.556479465628092,9.481474089109778,6.4247073848320335,4.497365506026122,4.3149652809488614,4.293327863523835,4.287916974773083,0,Core
MT_135,11.019831713532707,10.282077948014116,10.141856929945789,10.07696929974119,9.967819984540276,9.998803164037696,10.53251056172327,23.546419707709997,27.880612425919217,32.25437509051515,34.751884928117256,35.750428541634136,35.49804841378514,33.67517517889688,31.879832712076322,31.860977234267896,33.25743339590165,34.319359742333255,33.754492118410276,33.637641270020005,31.86522635602754,26.27391326055296,17.762125665651478,12.27075545489858,0,Core
MT_136,35.97017067408534,34.64411619674252,34.57603791776142,34.39829841101614,34.117337513707625,33.784121937397394,44.73975697894357,116.6344674806621,119.80084343467797,140.66058010053504,143.43504596203806,148.53134912749405,150.39558999948483,147.6689629286172,145.23746439690004,144.17765118897796,143.6414887431646,141.41588100652814,136.2715550550882,135.85627755330347,127.47749736886652,108.17344137540204,58.09395538480788,41.00483539776114,0,Core
MT_137,26.855954796236446,27.066524981134897,26.703105099217858,26.71874077568152,26.71727949750735,26.547478973668348,37.291672877098904,53.43309771684052,61.14937711556548,66.40661760279069,69.34115643216658,71.39527516160275,70.64417818007739,68.51246557959261,65.72493133453858,66.61031978027052,69.76288131323315,69.8977572887094,70.274328674194,73.45436223683112,69.77062608755628,59.75677901557781,41.603466385633645,30.35615440683504,0,Core
MT_138,69.94034513606594,60.27906919253489,62.12091247272322,63.407949552678666,63.26194114444842,62.89653385824259,63.4953743403227,71.88094366238532,88.19590259719861,100.02786262746123,102.01159414915725,98.98108276951429,95.76902654365911,93.9806166756538,92.75332201317528,91.80555491177951,92.39164862806176,95.82658012256469,102.5737393963647,107.02171688377372,104.836225947883,99.36927972790421,89.52336881311903,79.08351011423679,0,Core
MT_139,234.81035900671876,205.08062694714118,172.11909306106546,161.99496451540787,163.66258805058013,166.2853560039332,263.79154978790854,327.44097730468815,332.3289087503757,342.89813919247194,342.31784010928413,349.9337088395685,351.42475709045306,363.663335155119,355.22780654130247,344.36533756769194,333.0796051380103,335.11503398463606,344.78112997837417,353.91290255285617,348.2758551329817,324.95829145237695,288.2273278197018,264.7609179271182,0,Core
MT_140,36.23197210308252,34.01860604514214,32.009768781210894,31.013450299503063,30.576042185582548,30.65400613181375,31.99255596191309,38.71365563831209,50.44672328671697,56.16137929358589,60.450408855084255,63.66009339473248,63.94258613497281,62.211179017370775,62.78426464810923,63.71071933384365,64.21799124373757,63.298624189478716,60.11324010060386,53.04180892555557,47.61369573405587,44.77358054991922,42.07724303285828,40.06840576892703,0,Core
MT_141,6.234829734633672,6.1865167876071485,6.198638945224713,6.186165420719684,6.176327147870646,6.171232328002394,6.208652901517483,6.324428290937404,6.446879651219172,6.630468849919959,6.983943938710371,7.0695017758082495,7.118166089722237,7.044203359910725,7.037176022161412,7.044730410241923,7.044906093685656,7.0283918499747715,7.024175447325184,7.010296455270292,6.7838404962987005,6.5429784949410195,6.329523110805655,6.240627288276855,0,Core
MT_142,40.010870878125374,38.31597399661176,37.683000857901206,37.45342711401414,37.18062278878803,37.10177537028606,37.1521035097554,39.05334576309332,39.45777753000848,41.87636724778891,43.69553591983837,43.79619219877705,43.56842510605042,43.53964773399487,43.47977015267751,42.862411641853605,42.73788175829485,43.23535605997255,43.85658596614026,46.69535112523396,46.57817689282842,45.41288689434601,43.60649382693107,42.01806031737182,0,Core
MT_143,118.29877804375037,114.97685739813112,112.92486883619696,111.76829855411921,111.41281833673325,112.2396597242593,114.05232892724466,118.30969436538662,122.2708262890403,129.2116475099217,134.5757600185708,133.01584564731732,133.8689048671493,134.67633946065533,134.43590047897462,132.9867354562873,132.9839363994575,134.96996052210247,136.15881325961738,141.8183195657058,143.59665367157882,137.95608765003877,132.35041653697704,125.18651048675969,0,Core
MT_144,97.79390951270611,97.79521122253747,97.4630385410247,97.35168318181432,96.97241227185762,96.6601202495875,96.0589669820118,95.91672559862086,96.18688955725773,97.53167415031483,99.30365624257435,100.49543076181739,101.17054481526607,101.49455222601848,102.07984830110298,102.22173467272175,102.2010256526773,101.7848335184128,100.82949683944854,99.95817961323597,99.2091047739143,98.78462903163204,98.52263034375554,98.22276373351208,0,Core
MT_145,56.97616266682515,56.51870871442704,56.362349619340904,56.165864757771764,55.93622812943581,55.93097236153377,55.879526479569414,55.929961636937215,56.64757610048705,57.764224634754456,58.5510737331679,59.163269621297665,59.598184415192726,60.00965039844785,60.07049601916011,60.22928085327796,60.316910675798766,60.17379207292741,59.83863579671174,59.618297834664055,58.25796360016867,57.73622756343004,57.509218819045124,57.155161992873985,0,Core
MT_146,61.961032765587554,61.769458633375,61.510758132001364,61.34209370162329,61.11601359874647,60.939052650831634,60.83544046023045,60.73512802092231,61.04681310020119,61.614653158427664,62.2081369981314,62.73053476712241,63.70942955785218,64.16818926619187,64.69690370194384,65.05299400576608,64.9081820633062,64.52937061486622,63.99631936312915,63.40415542394262,63.00243427366817,62.748919095755014,62.441759389678005,62.15543525605128,0,Core
MT_147,1975.5872189112035,1965.7234436820754,1964.351179446086,1960.7903040016026,1954.4373215806079,1948.1110498990001,1963.7293200447405,1993.8581993622813,2020.2108478990335,2067.7058813709286,2105.38638753944,2117.8920218360295,2125.9286155489895,2129.8450777115577,2148.2830002838014,2159.6442463397943,2158.2995275537974,2146.3047361479776,2130.5629288325736,2087.0728368474647,2051.5083220647402,2040.0828032920986,2016.8795178711541,1993.21547219579,0,Core
MT_148,245.3845086305922,244.86312144353815,244.4154940261578,244.7519574304753,245.61321635243607,246.09746147537717,251.54537204637566,257.067304566324,260.1106816031948,261.09551435728673,263.30393779289795,264.5780416816109,265.6840012612571,265.30742442769764,265.70497560334445,268.89683350357507,269.70163648808415,269.64963759832597,267.68932315098937,264.16379842538623,261.62983572196134,253.40859276846635,249.6912402058562,248.5698994420126,0,Core
MT_149,17.87221786438715,17.86162073984439,17.83942255264429,17.78844480615963,17.75341852082882,17.71727674870403,17.666410550898775,17.16745330795378,16.814847932378303,16.953726038228186,17.25803083562455,17.47041952119738,17.501653151428677,17.53980279978262,17.647224178042407,17.68682395922852,17.645885593889638,17.559881562074168,17.625806831598087,17.575163731151626,17.718503784177404,17.961122161866953,17.984658933219826,17.939370169384443,0,Core
MT_150,20.359937736514535,20.14452467542477,20.051741023443473,20.02105749067765,19.99121173355048,19.963774581384452,19.938222424405403,19.96838234739707,20.039593276682943,20.252493010856735,20.276264894603635,20.477749935700718,20.710651563247453,21.052778189684137,21.316468071951526,21.485279863140974,21.551149972730407,21.487583746147283,21.31186030593891,21.26389765062578,20.951721503271095,20.73473761285885,20.506757917189226,20.41051844069847,0,Core
MT_151,45.99481372169735,44.54740560629215,43.524942042406344,43.618012630758344,43.34551128429826,47.76753126033915,53.54622282207529,65.58573493379734,87.91917505031354,94.14017072471935,98.07437244457047,100.19530235687407,102.72002441425339,102.65904713222967,102.97822965153088,102.15459870821525,101.15839330405257,98.82841926461981,90.70151883030984,79.79329576665948,68.02584736540213,60.73118471565038,53.34126329756972,47.96505097292317,0,Core
MT_152,490.7994005498104,487.81703563391795,486.42069635973144,486.66285230521254,486.0221633855494,494.8336625946737,505.6282465551364,522.5735620535296,534.9428228986671,548.1893279236608,558.2437371073698,561.5224961841647,566.3272946155012,568.196449637164,568.4982970968994,570.7597948616365,571.5866328739003,569.8561685063444,561.6936118583603,546.5733828316004,524.2256168270527,508.76743065909454,495.10293764786553,493.08742787643826,0,Core
MT_153,96.21961843897975,93.17652458140404,92.89749650406908,94.96794229541354,95.80861762236478,98.42311429808818,106.40270682372679,122.33783153886318,154.0883179526737,173.7233477910816,176.80755968579356,176.46245546144493,178.06444291703207,176.5491804044004,178.80079693579052,174.16774579069806,173.89643856749788,173.58742484736052,173.27553825126606,157.5485174882733,128.8641079396955,111.19143193474552,102.94753482105216,99.5776513233544,0,Core
MT_154,24.936992570652535,24.903383789870688,24.84212907651022,24.647342701871334,24.61463738293846,24.42870493441952,24.20844093563955,23.912828218655118,23.71786115164643,23.898192136701727,24.3300469005115,24.770394205701642,25.177674807219315,25.391253188316867,25.391433880686666,25.517557154803495,25.599410798320577,25.587846486653703,25.747939926291977,25.519906155610833,25.470215753917238,25.414201119280825,25.301087695789228,25.134489330838342,0,Core
MT_155,53.01638907901742,54.063997262149215,53.22220320936953,53.153756939691235,53.49598828808274,50.89075214845236,81.01376530534641,114.47448475169216,137.85981823712828,158.76635105331204,158.95838086546507,155.58550079853984,154.45803863411666,151.46256369305652,150.03042056430147,153.09576773899158,152.99499961974294,152.13751996349532,146.18459578675183,135.95282911248003,118.85409536846909,96.59099551296676,69.77051486805081,56.60839227317667,0,Core
MT_156,69.89497361851048,69.11182105079328,67.89097102754374,62.51255026189345,58.83389952019293,57.7865488348976,60.50265309355362,66.55070617506618,74.0194015071843,80.88027432308434,86.26336314140624,87.12331387546367,86.6043199288808,89.18828616603965,91.71478614490371,91.9855171877849,90.85484501808938,89.53097439221379,88.65939569159983,85.42247531258766,82.6707772857446,83.53790569786374,77.32730340057977,73.38972785028756,0,Core
MT_157,1661.9779985679543,1622.9064219170084,1434.1554775754637,1326.1223117086518,1298.4089694201002,1326.5464024285604,1311.4226369763715,1387.3215613639547,1602.659541942572,1693.090477289449,1767.9232573323316,1872.0873350730917,1807.394761394726,1705.878291880931,1758.0483542321294,1842.4828440509937,1855.4033102746332,1716.9224032333466,1833.6602776906584,1834.4601325135563,1615.2486256501904,1625.8153883783364,1736.7353299129927,1728.6490047675688,0,Core
MT_158,103.82943839286693,93.00768281925424,54.0843938844905,40.56517814331257,36.37465593853744,34.26010085759149,40.21487827910704,36.86304477923332,70.48715122599341,69.31602228346999,65.94223427657414,65.2125403082644,68.31760121446372,64.53299833093585,69.1854505009022,75.58244755807863,82.05540121592782,96.98740561186204,105.66476151782345,112.30187184076541,120.30218616287281,92.52531047886767,105.26938136650963,109.28623031254689,0,Core
MT_159,78.26806516032423,70.11264951313984,39.07422650470338,28.64642256786277,25.54757015742642,24.523600195111207,48.373801206857216,52.22437264142284,60.05989212500753,60.76433634654266,61.79902890215854,62.45201549350808,63.91707052588238,62.541774187626686,61.53828401792714,61.793790533435065,64.70366830046075,70.56686984194417,75.04199709693407,77.94017704243929,84.19428119615756,85.96408931058083,83.97261919747403,82.10401636678807,0,Core
MT_160,1.8294678442409087,1.510010733195695,1.3076466326113838,1.2739480349206527,1.2225130877846722,1.2184321887699627,1.1141775164261722,0.7580634181731376,0.7315836172827765,0.78522744863266,0.8556879409608964,0.9085298132927506,0.8874212728022128,0.9202945987127626,0.907697547683924,0.8931119180435186,0.9092198710524502,0.9912166837316088,1.0123333836888997,1.0962080393594027,1.366523013426286,1.470770691941431,1.8751841708210009,1.9941503617208176,0,Core
MT_161,1944.854805181636,1942.6181543167625,1937.5179565830945,1893.7751920298122,1866.7700754598995,1818.935850635029,1801.004618010664,1751.6187331524998,1643.7656856034678,1581.0005619354235,1548.9533424595024,1555.4388377654402,1583.8361176599826,1596.628598710506,1609.922807818085,1643.6384051174148,1686.6079803280347,1777.6848260535232,1848.9307382901952,1864.1003540615677,1895.6014821574938,1922.8447875208085,1918.558445509164,1952.193766319365,0,Border
MT_162,390.82965153372635,402.2058497970927,262.4723910394179,186.17730124270264,165.84810589646833,150.33192448699776,151.76599359958425,164.28139038108532,296.2389754689441,307.5416829072317,264.03529591942646,264.04001384893775,277.8679023286974,276.6410591969503,287.2740021034707,294.9522509241698,308.4932529978813,303.2411086989185,335.4694666489563,354.8779399051914,332.47104098574243,363.29472615322527,399.48578197504145,385.74281622648385,0,Core
MT_163,2353.8392206587873,2413.646514444686,2373.407914533635,2208.670044821267,2188.16060901409,2136.906733283497,2242.9353671653466,2401.3596993410865,2443.44272119658,2467.803836776149,2482.8375710090622,2467.5380949226746,2488.0601475537555,2465.378252380637,2427.5979617520984,2441.6609890959103,2531.4639931616816,2571.385201096402,2604.6782394483926,2508.444597949135,2450.184836470191,2298.660724142608,2286.361292215104,2318.318918612023,0,Border
MT_164,179.45292919266186,181.73329459587194,148.47077818415121,116.26446286827701,119.21176327577693,103.48992750344628,78.28813206246214,61.297114815717116,87.44591004536016,80.36409178559016,61.98939561994314,59.54800242310891,65.32570992198538,63.57571483982715,63.2143165183496,65.38724599347213,74.80869595481033,91.00403162147045,107.43908055021318,129.4214550052785,142.62939093916657,176.3998321376673,177.0419257360496,174.73949309408914,0,Core
MT_165,15.573209032422406,14.995402398829475,14.775877297894525,15.115261032948439,14.872566714403018,21.78230047808839,25.400840408358107,28.535803819115458,32.034355678296315,33.438358490702804,34.93024900566519,35.65677871766275,35.91720590108322,35.57329187208313,34.66969238527483,34.722761542930094,34.72379703868923,35.894554431352326,36.51339258440066,35.07987814285906,33.269313808025295,29.712903623303212,24.616452370819314,16.697498552894675,0,Core
MT_166,1102.5801423080684,850.8590194883831,813.0017638077187,769.2002128603773,715.2325668855445,686.8368609487709,694.9921023534989,1042.2840933877897,1309.924934750397,1463.0085144150855,1626.4511361328612,1620.0163594106102,1560.09817526758,1546.24765891193,1563.9294552128229,1581.4080751555086,1576.0012523410883,1579.6096118118708,1576.4121179983606,1536.3664432760945,1481.0449338478088,1445.8247587457035,1363.9274431933572,1297.1600815337986,0,Core
MT_167,27.191910012195365,27.033811090248523,26.229616241977595,26.264171355870822,24.682586526923032,27.295900009861747,38.37147430921506,46.36514180875859,50.1894416502874,58.041703159952384,60.61764825061684,62.31374266350701,64.42797567960505,63.88186525360758,60.41201529837593,60.01891426250364,60.991705649795286,63.35730661487793,64.74168734212688,63.83104560708717,60.273523889310354,50.12968786157644,34.518175120903855,27.718578914838602,0,Core
MT_168,91.07140236054654,76.6181826047591,73.45871322558068,71.49484219503942,67.27134426619574,69.1008663165555,109.41761765264833,175.8072372273544,171.6740057136412,168.1944476633247,167.1304712595195,177.93074798021703,175.80305783323521,171.8031304511737,167.47852749361502,165.73726134578035,165.10405609813,171.1115005956216,173.7628298129084,167.7658318693866,157.64081313550352,134.75605780387906,113.91477319254727,106.73525778595634,0,Core
MT_169,28.01325135561092,26.13576524704764,25.190451252251133,25.40963317138985,24.659507423560115,25.688330798651588,31.917656376056033,39.81076184445931,43.382694534358244,48.09142804166739,49.85222608177651,50.92600899072324,50.45657902782625,50.05610522972894,48.96258632218664,49.36044752419782,50.964254083599116,51.46924553274669,49.91399341574499,48.38526176259992,45.49083569542001,37.39125031806804,30.013194152676604,29.089841153368955,0,Core
MT_170,22.50718161184508,21.452342266862964,20.556810000258288,20.676800831041028,19.835726934898556,21.670593448529697,30.539865916340577,39.632498821561875,47.01264924192528,51.17861368860823,51.872304120982015,53.359749315537314,53.78190258029524,51.297288865858235,50.00931853989902,51.354190881148874,52.97154475482031,54.51866654075136,54.09891656335155,51.49049218356515,45.94731493678407,37.31586702374957,26.47538032880038,21.365902619038394,0,Core
MT_171,177.97919109329976,172.47714494273038,166.95288994212035,163.67585935222107,163.3182224234941,173.1893170054859,212.42618245583543,247.7688377161692,269.8755715056732,290.82177914808176,301.9710199321327,301.14246853229275,299.31511339127485,298.9535526922544,291.5713847031892,290.49285966860424,293.3841355608355,296.3657098663953,296.5187679257885,291.6854997301439,289.47184707738563,249.96613874120894,190.86657423318454,179.03647917351634,0,Core
MT_172,78.94653476908546,76.73553060349492,75.18988299353127,72.51345484890251,72.41540535449285,76.90423403680414,104.71711787504593,128.23099209586226,133.86497034137042,138.17353516032875,150.8514848067181,159.46109430498052,161.16655500463264,158.88127853881275,156.38486067391017,152.41963956177335,155.53505292865646,161.1656493488228,162.6615881750758,158.39909673085953,146.08961048702542,125.97736457142659,89.82037329214624,81.11563583856908,0,Core
MT_173,25.20805663374523,23.755359657611304,22.469774928353136,22.212534607563995,21.510612569081026,22.73786598549397,28.733093163454985,36.63512648970767,47.71409574753411,53.49823108948295,54.329936410053946,57.585744687546715,59.316452781014135,59.45076517493851,58.50705865566376,58.28609682465096,58.76184309997947,59.599199529101114,59.32385795932847,58.668674459671415,55.81196354252717,45.805367453476926,31.541995398293636,25.243934601985302,0,Core
MT_174,99.17366374692331,97.21349558568873,93.1970216935773,88.57605211168831,83.79767188056914,95.12653622973552,129.76475143279805,146.7429274816504,156.07876735733262,164.49848387832756,175.96790227428767,185.1976425464536,188.0210721987234,184.11781327310908,175.75733274034263,174.34270290218493,175.64747437470498,181.16351824340168,182.75625557900185,179.807270129354,162.77112240316853,145.41218900843327,120.8335961838313,102.01480163724318,0,Core
MT_175,97.93841355506322,91.38713176357217,89.50819441442415,87.347881542923,86.74178869916062,88.76450543067114,123.68478747883569,174.82002458662055,184.81807139126047,197.4586817563673,208.8293408218956,217.1201203888829,215.8082598211391,211.1626831613171,206.57740507583128,208.20909997658418,211.2646968100436,217.63126654868694,219.79738271821756,214.00737429752516,200.3220520822076,156.71392892845566,108.03462672016283,101.76047914640297,0,Core
MT_176,53.00857451278857,51.926679061911535,50.77412731006161,51.21014877699116,49.59608187672181,48.91756140583871,54.36478967244545,81.41382069801577,95.96460374377264,105.75149236704915,107.023746769234,110.27962174071472,110.14943591420045,108.98262452283421,107.73730083327379,107.31688068895774,106.842856218565,110.92903892583632,110.45220679627195,107.75154514899839,103.28244812896509,86.24967905169568,59.17767766233855,55.390768607339766,0,Core
MT_177,59.27997188374788,57.7565351842516,58.75031251665045,58.059643034260006,53.74172343198612,54.839335702311985,76.43820931033208,85.6607703484202,99.37585557837097,108.22777955382868,111.66241951415445,113.83757638726654,115.00312516650477,113.01805782685142,109.21914640943983,111.40668867603601,115.13826556332918,122.10683868402825,125.25161432781255,123.44522454065176,113.46301237361007,92.17590486378374,76.56325183308948,68.97857006725766,0,Core
MT_178,32.082734130362724,29.872205806246978,27.17581032513171,26.545347442327458,25.705109859840167,29.137088100127116,40.9466154869821,51.59717104651247,56.363410341348946,60.21892670525415,62.70974488858999,64.03954024139831,66.2287715206281,66.0110968812827,65.91186171468638,66.84990949352147,67.81482302942713,68.60333240322723,69.21821004657686,66.29623998645384,62.06377427517309,54.86350692929047,43.5098269287181,35.26319617845636,0,Core
MT_179,12.68077547618843,12.003039988086337,11.909731112123009,11.920772726882198,12.27653868073395,11.845295679293429,14.963374086070468,21.848636372748647,24.633153769270205,25.22400115699971,26.205805618321843,25.916534213111333,26.383602679428037,25.47821031619886,25.07230388998193,24.863960891118886,25.98844575418339,26.148674462095382,25.58999538918435,24.264516193700082,23.14783248706251,19.462522087525308,15.660383356387412,13.225216865848173,0,Core
MT_180,110.59710560907034,101.01636570596293,96.23847171545998,93.16152625571142,92.28730401782806,93.90903480081708,113.85908824443327,166.91840158205918,180.49079766065387,182.64968216798485,185.45486336907277,186.24845568771417,187.3681822016207,189.82689287037599,188.4333385655755,187.12616697686386,184.5993624139216,185.44654250235718,188.25325600293004,184.08226739747207,176.0522519463407,164.78276851813294,138.0968840396326,124.64125772423093,0,Core
MT_181,22.10511712342124,21.462811975420525,21.31466069386928,21.216407794462352,20.147981599807277,20.60365355863245,21.877074419067068,29.609105839346277,29.299991109632572,28.796495187730148,29.696252949116506,30.90193733533701,31.457726302869006,32.16050984823282,31.797608395565906,31.78091027802951,32.33260537475288,32.691544400215655,31.254117769645802,31.37878127401833,29.083116331891755,26.831107395638554,24.38062817615546,23.65393145431116,0,Core
MT_182,37.343776382224306,35.56737441380401,34.6373119316191,34.44752898980932,34.347514828512146,33.873278176896406,34.31098594400479,49.23749471220795,60.066095131237105,63.47661547720849,65.12162262140136,65.28558615969224,65.47744109898929,65.30368493292448,65.22867317723228,64.61572843534007,64.84600950985573,65.48853298039025,64.5010888766642,63.17610775839376,60.909143931430286,54.4107425240152,44.656246992993786,40.464323743593376,0,Core
MT_183,52.74030741082747,45.960234843606344,45.99881054356058,44.71065503890097,43.83355431555755,42.76452686009825,48.04219874528672,72.70633867133235,101.48884558683562,111.8553254944129,113.13995110546799,110.50589108740465,110.88850421612818,111.77571114256666,109.27840191123043,104.65426280532502,103.62142277114238,109.3186621893086,112.70204938864114,114.900208680121,108.55241835048538,92.4729037317392,75.93142741860362,60.73854765318397,0,Core
MT_184,39.21771452762182,39.39765634169854,38.19130732375085,37.68497142796854,39.62860480389946,43.29526586562111,54.951784284789234,56.48297778199797,59.85671947184273,65.23274863865777,66.23880164956829,66.62864865435162,67.88164235439343,68.24789254067542,66.32370172988387,67.69565873929622,67.56822866593077,68.1353155715923,68.14651886756373,66.4902081610637,59.81894543948704,55.978265671755956,46.91573723490258,41.33507647123212,0,Core
MT_185,15.570873392710887,15.987710367267294,15.292291420628997,14.3720997172216,14.798468548373647,14.796995688046579,15.711546363327459,26.77839806648713,30.759359125352535,33.65925147461053,35.300945484781074,35.61337901085178,36.2932777254513,35.22522915498745,35.30864232435131,35.26076628587708,34.59706095703071,34.77893497388972,34.26834788153141,32.70964699280695,30.839768682842823,23.996362815850464,16.00832637292394,14.530972071660186,0,Core
MT_186,115.98540613454695,105.98764764981128,101.01128362773235,102.15805884778109,104.68576757888333,105.71346230051513,125.80704556280045,171.0776484903795,184.54875495835182,205.9091946155601,221.81694825702175,230.08253579419687,232.91445016831375,230.43877661299038,224.71690863023403,225.50243964920287,231.2523265727632,234.2163302392417,234.57857511677895,226.39003966681474,202.01456184380643,171.3318203105299,128.50086658581202,123.31235915478862,0,Core
MT_187,35.78065752314336,29.901475142162546,29.37919590690287,32.15851768144259,30.163571782578718,30.673983935287907,38.53560711739122,52.633828790409964,55.92139346600986,57.5601992853209,59.47258601848406,60.14058792334221,61.17621418118916,61.88211418838598,60.55823266729651,60.60251092154404,61.33546277283443,60.87762307185429,60.29460479042222,60.1288484438299,57.621193537569646,53.48506865809071,45.72425187614747,38.580650989867806,0,Core
MT_188,25.442986432072225,25.018086373545703,25.584478301311616,25.432432391186072,24.89787808933421,24.557742287967265,25.2838240556971,34.7335679354026,38.63056049635373,39.527964917662274,42.08278774712576,43.029176653183434,43.09830109033305,42.11493345755911,42.56708516562547,42.4177433409868,42.083596588216714,42.45734603213846,42.385292407500245,41.63696464830293,40.14950969731793,36.743121226203094,28.328061558911482,25.442438938220562,0,Core
MT_189,343.6075610456517,294.2852222992333,251.78146531156008,228.29570407892265,220.15583401887562,306.1187888249049,316.06360536946954,332.40353286392576,348.6386047756927,451.01503442825776,463.1894828096222,478.11284781824816,486.8448752744868,497.9691484377193,497.16943906446687,503.343233211771,511.4936293148679,527.0714982823657,528.7921014732142,524.9073168414529,501.54193035754,480.1088824689023,458.5720585917342,419.7895277207392,0,Core
MT_190,284.28616160947087,268.4988588943017,264.42620548734345,256.93445015164565,268.6168835470021,296.98073669061284,311.32153488250725,313.5971224465627,325.2644013159347,397.70353732730365,429.12007402634674,439.31003751497883,450.9027480876192,466.5051856579974,468.8546389910899,465.8700002609388,466.2177514697883,465.6674715626825,470.37832119967635,470.0568645988265,460.259112286005,449.81372979981967,429.60170694157574,368.7644143628776,0,Core
MT_191,1577.160858582128,1341.9125069554213,1254.3591410239364,1134.4526021892957,1182.0609221042057,1390.721098685733,1441.9610102472436,1591.6626042082144,1692.1493605936605,2142.1097208475517,2270.0426927451877,2316.124513120509,2352.0231043091603,2338.182431467557,2338.0297815135978,2364.971267339311,2395.3153698806864,2420.1000595827236,2394.9091240354737,2335.901299494285,2270.5978954003117,2187.2399411066626,2125.118796133524,1992.038812481842,0,Core
MT_192,346.0658196887405,301.6433740080778,284.5691942786881,268.560627521117,271.6375195806862,299.6558290854282,350.49287949526365,385.049313470134,424.08754895490557,520.0113464621547,551.0727332213489,574.0259677286813,573.9212056343376,576.1853939437557,570.0271437182811,574.4562451734151,584.8714603555225,586.6428457314997,586.1420038066539,581.349616501829,555.940151112622,523.836119928481,472.121288219024,417.9517568641502,0,Core
MT_193,239.26531845084895,208.25001841058864,200.66569698002797,197.53711182161652,196.61424602004192,206.21681654941833,222.60205353761796,245.0738124422683,276.6172253579411,332.48794153170866,350.98955512167623,360.6865149634162,366.6439758497935,365.6918587068627,367.44637845964866,369.1878145453743,368.0718711998956,372.05388526969733,369.82508258597557,362.1644086126416,353.8750644370603,342.8941295828815,324.83194029661047,295.98161333577065,0,Core
MT_194,1984.2138539890252,1722.9731493404797,1650.0162414877202,1662.5142113017553,1719.547210524484,1779.8198064942749,2063.1699613684614,2449.348310305224,2689.923897028968,3077.1021125535103,3198.5913409668324,3193.7109189201733,3184.285780577501,3208.433392498753,3233.2944697734315,3372.279550806854,3343.181185396583,3301.417359830161,3261.2494054455387,3128.0590552094577,2925.8177299040594,2823.49925753199,2746.471826819337,2481.080116938712,0,Core
MT_195,259.5425218107339,250.15200630956477,247.31629241265574,236.683378674644,243.24599774625312,256.9057190274839,338.59275164427396,378.1169979535608,365.8282288166903,506.4036639021786,543.0768509156861,547.1202187501086,558.4349893624537,565.7046549254098,567.7490674050989,571.2009135434438,584.8809023326164,590.4428855835479,594.3171644945689,585.1032658483226,576.9053484216245,549.1023810268331,524.114570485181,403.93056467593414,0,Core
MT_196,13543.099760438055,11056.354095368468,10694.237679671458,10584.424195756332,11245.251540041068,14213.666438512435,16674.259924709102,17949.22142368241,20772.786903947068,23360.554985169976,23698.166210358202,24588.616529774128,25405.394421629022,26774.36259411362,26599.361168149666,26980.849304129595,27484.03633356149,27514.338067533652,26458.832420716404,25290.090976500112,23741.06633584303,22790.197923796488,21538.45111795574,18902.00062742414,-1,Noise
MT_197,93.40086882603609,91.36105039264608,89.97073553980556,88.46323864932695,89.55180113046742,93.31738093660992,113.16369422181008,146.21500868458045,144.41139427995262,186.49584538502867,194.24745442435213,197.26440315588823,199.46590750185834,197.20839957165884,196.53440161032728,199.2309684411178,203.7989979613315,205.19517766590863,204.54981398070254,200.83885779367498,194.9582514554032,179.26011330433568,152.77559283301318,104.02878515231136,0,Core
MT_198,135.3766427658495,121.40884130876356,115.14711517801568,114.26949666518254,128.95155377462348,208.10202259834446,195.1448557865894,198.46018044120154,210.4320753839304,276.57420882536013,293.25062188641465,302.9634576663145,308.3865508617806,309.33771035044936,303.0968060622573,304.5303013186429,308.70153660767886,318.09916513271713,321.8639314739871,325.3037441660077,316.2475717079892,307.0137490613558,281.2535856763444,221.88154143657422,0,Core
MT_199,314.3107452794052,281.1154818868564,265.4476048515218,259.9106784030041,274.7321019284266,276.1384098173301,292.7789185489391,350.19764645303894,435.86488376693103,536.1657490784871,554.0205511494578,566.5888208089218,571.4214649699527,584.3767072320705,580.8105545403739,585.7571122895591,590.5936811220164,599.4030967227424,601.2705535042606,589.9474839716419,574.6220345182702,552.4516637467111,499.96193068716286,436.85811998819463,0,Core
MT_200,616.3053261449674,517.1782799181057,499.88466652796495,453.9632877728428,479.8963581760124,516.7097848013098,591.3073614415326,650.5441026151299,680.5701921018432,892.9939061713206,964.5215771588465,1016.3210054666558,1080.8623325403216,1108.7016089396257,1108.528043371416,1104.4403009826713,1105.5742250042967,1108.1841159425535,1099.2470910335387,1061.3428962119362,1009.5040811465202,973.0805645761909,926.160194423589,801.5461469574577,0,Core
MT_201,213.88043219300897,186.87669251021396,175.32838427456682,167.93203627003717,166.51554871813497,190.3030055392619,266.0415269528266,278.7659176491495,296.9598484583159,350.67633389154014,344.26430637294004,347.63743626130304,362.7676074029202,384.4094704040146,380.5849323947158,370.43203302716273,365.9884302887931,368.33097468266317,357.04025877273205,341.6937879064997,327.4608120244054,315.7035545795224,287.3061355616637,254.97964988198098,0,Core
MT_202,194.78892520075968,152.98541419633474,133.95484474265166,129.71647819841706,136.3730225294271,184.5624740916409,193.83405153714898,200.026414475904,217.57555600543714,247.5345846468269,278.5993579547098,292.591510734496,298.8732394366197,294.3144286664546,290.56328387849345,295.3521126760563,302.2946852917643,310.1026694045174,309.6270160318516,297.500650721578,288.04552158949593,275.33061476318557,256.2410465531037,236.64757883371414,0,Core
MT_203,368.6679840733626,308.7618585002171,297.5747573101352,296.62294937183987,299.144973615067,339.37978847894726,365.7174346632517,399.8080928514127,435.46105554451583,521.204543949129,609.124513332303,639.5117131438917,662.6517041649187,667.3452415122946,663.3656061174773,626.1185077241247,633.0580762918314,653.6184525255201,700.6097605852524,707.3243028416241,725.6178563805908,731.6632075541131,692.799526027982,557.4128046042996,0,Core
MT_204,678.098726082115,571.4469234934157,518.584694596831,507.0716744818004,532.0417930879482,565.9112037349188,638.0183272548959,689.1857447873568,730.566367341935,985.3586278055308,1054.612461307426,1072.7777948042128,1096.3207576082625,1097.0330585266686,1082.5089133388497,1085.3343651353089,1101.8352794548816,1108.7881945508595,1115.1756617324056,1100.6579014578033,1076.147496603226,1054.1555569176703,998.6890496184376,856.8229182628949,0,Core
MT_205,370.47014756551704,354.2754266290793,331.94446861332506,310.05652617779793,324.2163482174968,391.2229985266651,465.09421513010597,444.0712769289667,446.0452702467546,605.0668366222346,636.918641747584,644.2254985556677,658.9073684149469,645.0781766609822,637.0556793002239,644.7315949140942,655.521670785044,669.0459721110454,682.6540186081045,660.6000359632943,634.656797062611,596.807605076625,530.5789510319146,424.7950237241732,0,Core
MT_206,116.02289539481268,106.45198215849585,101.671915782079,105.00318318275939,118.860416651966,158.22064787961608,174.64295038703895,187.39498829043484,216.01383978868685,252.9149447294412,257.6607095675027,265.0625895270151,269.54384050215884,260.9773743132832,250.4194588118888,256.762205271382,262.22683234897715,265.1476573421365,263.8220498912935,265.4902807081092,257.9320837380915,240.98477168504053,213.17043826781546,154.7644248749268,0,Core
MT_207,558.3744243761844,476.42701159861616,460.7877374084473,435.5720385347842,457.0902419831725,615.0651636424591,664.9450334548603,694.2339838057057,748.259276332025,933.6429712199732,1014.3690604236219,1036.5533345439476,1080.025795396872,1104.2322610084416,1100.5065955197958,1093.3066998188735,1110.5549269673647,1105.9068665111492,1088.5352498288844,1064.5052545316553,1028.704596143728,996.2470956897474,958.4652204482068,751.5374801529099,0,Core
MT_208,4940.1814113735845,4190.408606974617,4036.8100012078753,3918.56331855124,4053.927320414819,4195.52769773207,4856.967427628135,5287.856826508838,5843.662105499284,7336.962711162494,7450.968888582128,7610.953416274107,7994.259716206811,8143.715597121806,8175.869526455346,8174.719168981762,8316.973812112114,8430.114345532875,8426.631638281597,8376.639978373281,8287.211188376788,8085.143708407388,7483.237853663026,6271.415342317625,-1,Noise
MT_209,446.2960140742642,352.57783089493495,338.78042650581796,332.5097054671458,330.6973498459959,341.3371353097194,381.4641619609856,452.03801441649557,525.031014715948,659.6844787388775,694.877358187885,701.5039463552362,717.3702461926763,736.3507176163587,734.7719081536619,729.7908378251198,734.9296554158111,743.5709969626968,744.1419618412046,731.1697895277207,708.3090028234086,687.9049292008898,650.6753721765914,592.7968322210814,0,Core
MT_210,545.3478644586996,496.90134717115285,467.33061316892076,453.59493249995137,446.58449577030353,494.9293164039356,578.2918322553488,634.1657425535941,650.1834077045385,818.3967478294397,873.0763856832334,866.2450234963486,888.7076035493017,872.3260412410883,851.054196357668,859.4848489672041,871.1538767648791,891.9004363228612,925.2312935637514,917.898964816495,898.7127856570577,893.9498449789266,781.5352480602468,624.8229151743789,0,Core
MT_211,138.94122176591375,118.26540041067761,105.17556468172485,106.22758384668036,111.04654346338124,134.97373374401096,144.96671800136892,147.92248459958932,161.92137234770706,230.62422997946612,237.5243839835729,240.2710472279261,241.61421971252568,240.02224503764546,237.43394934976044,237.20285763175906,238.67530800821356,240.50504791238876,240.3993839835729,235.98220396988364,229.92530800821356,220.41409993155372,213.56237166324436,174.66735112936345,0,Core
MT_212,249.65684011694225,216.03247748966672,206.25951748032833,204.34129750781293,225.3304256933501,232.00778377345873,258.86379192334016,280.6419092795101,299.6888082390207,419.3131231130849,448.4660607314731,448.7947620033003,453.5672975396484,452.59923382625254,447.12671579941525,449.7782128625928,456.95565318434336,455.397041423258,455.87059410300895,448.01903761361285,437.91392748940143,425.45219638242895,418.07764141582965,340.42866466103175,0,Core
MT_213,931.6803039548878,779.9994358008139,771.5538936425144,789.2044197582554,847.0626751058986,950.8898015058178,983.9782278503565,1052.5870759783286,1168.3755963065737,1327.5291342066541,1373.6420245248478,1396.2103631512603,1423.5350493896997,1390.628503045933,1396.0392474770645,1432.8409953067535,1450.5416312186258,1444.016222211334,1432.863266327256,1372.0147552934502,1336.8317394706326,1297.2865730986857,1240.5979175111095,1107.8284864169045,0,Core
MT_214,228.003271759571,212.03723839515104,206.3639348101557,202.9928514771709,215.05389272476097,256.54926946501786,299.8498991428185,309.16333147928975,376.4170190046435,458.63496391585153,483.8692982933041,494.67432958203165,490.80784720450663,491.48847635258056,493.26253814380965,509.7966337260281,528.2373970343667,529.5521299893636,516.7900720846559,508.6922231933879,488.44777521743197,464.67855345570024,430.3675955006685,329.00525684079344,0,Core
MT_215,257.61834952350864,240.33936845153477,241.0431639288159,238.91148493304553,241.08937064532546,299.34342586742486,331.0368458116148,352.9375954298952,380.7100258428544,445.48320433844043,456.378665824251,463.74843143965325,472.4252849734113,493.04815151196055,507.8636427455729,510.9852697923796,512.2280522209936,515.42550215869,509.3662522596044,504.1761548114217,486.91198182663794,467.07531502834377,437.2331802067428,365.9281270292564,0,Core
MT_216,1625.8359654448668,1365.171650055371,1311.6420055439205,1251.7532250472418,1262.9456682152352,1216.9178258190243,1303.2129952405967,1491.8222625471565,1749.4025163668448,2434.812886999984,2702.058049713367,2730.965228840211,2744.9586252532627,2781.807618228993,2768.2832265707966,2755.2790038225307,2779.053849704726,2757.3181796475815,2747.7220581179326,2745.1286039462348,2705.94709398969,2683.8151859760187,2612.8072976002877,2283.8121161267145,0,Core
MT_217,140.39874789279816,121.32887344212178,111.2123394354513,103.2702744864716,104.8092574184389,110.79180603826704,143.66173635851334,156.79622481334488,155.1509748151588,222.1794936910921,268.37422574692295,285.2088639128532,284.4807153239831,281.89946863443646,280.5145200416966,281.3350287692006,292.3863501691808,294.6803885716497,289.2975006227885,281.80756198257166,273.31889431460615,259.27864161968546,226.76031470772477,177.9770801740422,0,Core
MT_218,792.8245278307189,764.3336063420838,755.9314709219802,812.3404483812909,911.7259846105874,960.0210384942338,1019.15266364675,1018.2618270366646,997.8333973804099,1385.6103039454292,1536.6714799015099,1580.9221873305826,1608.5235660894666,1599.0526855133276,1593.6248575114282,1612.1173187176607,1616.3800074786282,1618.5527560298058,1634.979537282515,1624.2535927822178,1595.3288979115478,1556.7269485514362,1491.403782529769,1124.2053957397695,0,Core
MT_219,338.75862018208176,313.97481471668397,269.2908083283655,269.60948827213645,271.4181625488508,282.2911836788766,454.0526815482105,539.8291051202226,494.97803095537745,571.4089627814209,612.1731322632163,624.1479175406446,613.1273321410434,610.7755035952691,632.9285435664186,654.6344748404761,663.2645926710973,656.8828980003385,656.0258476665709,641.0927851743909,616.4120171042075,603.5735576604624,484.11273762999275,353.6405319673519,0,Core
MT_220,1455.7438549978776,1441.8228367946351,1346.1323525589376,1299.9506147168147,1358.7775842798849,1419.9850111333492,2061.4846775660853,2599.5719942123915,2881.9670071651976,3670.782106932134,3844.3930375414793,3902.6178532130757,3900.5514689955726,3951.966314038417,3980.5382995867235,3915.6789610029546,4027.1315814553927,3981.7296112425165,4010.2041258371673,4081.1889723529052,3745.59647891595,3379.0363804919466,2787.896706781379,1790.0497318465762,0,Border
MT_221,93.17627034459366,89.96453335927235,86.52226677227557,87.12718428579113,96.33883718303515,96.08523680592151,109.43813843249134,126.25753541408568,137.56096830984032,184.0103670622726,197.93870192950072,200.8183622706774,204.7909003873396,206.65357600582345,205.18835907461784,207.16050953099162,211.69200176299915,211.2783311794671,213.12274614557714,207.6954130310153,195.4344984164006,186.6519263117651,149.82606951304808,103.8180440899443,0,Core
MT_222,586.7385352498288,550.0955966233173,536.9901893680128,507.26374629249375,512.3880903490759,564.8389231120237,567.2511978097193,651.1873146246862,715.3344741044946,959.8405201916496,1132.659137577002,1188.3641341546886,1202.0675336527493,1241.8300250969655,1253.4620123203285,1250.819758156514,1258.2966005019393,1260.192334017796,1234.6344969199179,1230.034223134839,1205.3109742185718,1156.0310289755873,1084.1763632215377,861.0020533880903,0,Core
MT_223,249.19689710244126,220.13141683778235,203.7640885238421,199.90189368012778,199.6313027606662,197.40177960301165,268.5407255304586,294.6073465662788,289.10791695185947,373.47615788272867,388.8911704312115,391.50946840063887,396.2975131188683,401.3465662788045,405.4223134839151,410.31987223362995,417.4747889573352,423.9228838694958,420.86379192334016,410.78211270819077,406.4271047227926,392.19986310746066,376.0027378507871,331.8256901665526,0,Core
MT_224,898.8376781834955,782.8697090537552,742.1394171155354,735.1621631005168,747.8440913013719,890.1563104484718,1144.704143479253,1162.2799551627336,1074.2857780555307,1321.966763880209,1469.8378616988562,1552.0312422501959,1558.1393030384193,1543.6103423305458,1543.12784572806,1588.8205170173298,1619.8271235703162,1660.4395936870715,1682.831394022359,1640.0601632790722,1584.0107034094176,1455.8613070261583,1316.7946562310904,1195.3089753891022,0,Core
MT_225,248.06606233618805,199.35219445418278,190.19558605031636,179.02229845912424,196.39690823191603,212.04807432263237,261.51053571726686,292.0068796848133,337.85063354534987,373.29116208410545,384.29355102585936,405.742471745046,417.69687317407056,415.48235588721394,419.5200948231249,420.3874259194337,417.8141767249295,415.39161783609626,410.60457421411996,400.17914392080274,399.0370494649505,393.2132485267358,383.950444900753,328.3524265037312,0,Core
MT_226,387.25401955895967,348.05844111364047,347.07528930363753,340.06472393957404,344.56338023681667,342.28046615679773,379.8896735341268,393.4875949765005,416.4103250321655,498.46805672597446,541.6769548472332,529.2119280236233,549.914004085536,556.1911217382486,573.850153114677,574.5039503958361,590.1669419916537,574.9340627188727,591.5649397922399,582.373943901671,580.5277796805381,559.609319949937,552.0498303711339,459.4093442698684,0,Core
MT_227,161.63250308078273,141.179888986736,139.091121811241,133.5901995030114,142.95584900346574,174.22307879307579,208.93836823252394,250.23013919743423,277.3545131452567,310.0383074925897,324.5230654120753,341.14090193548117,350.53982879325093,354.69547014600704,351.1959181643229,344.8061401277991,356.3926153690949,359.8017930540697,357.9384361883905,343.2372003023686,323.787460671418,295.8914023218488,265.99467422167766,224.33632689433983,0,Core
MT_228,5002.116430707158,3149.347959220433,3072.0937353651066,3077.8486256709534,2979.48413127274,3017.039518714651,3262.4914442162903,3992.921214741165,5038.0056918476885,6754.1247883569295,7031.638387549983,7129.462516661263,7187.01141971973,7271.011203573615,7319.076695846393,7405.210922583666,7341.528873518499,7280.332504773227,7184.156489787096,7105.308188335314,7020.714002665802,6970.351957923556,6730.546849670377,6461.940271623617,-1,Noise
MT_229,813.704487726748,610.911784712679,583.4563144593009,594.1136208076659,579.7327633356501,617.8762191000003,689.681592608226,742.9530492442876,841.9369871158095,1089.9478665816114,1144.6234238580212,1168.3468797704775,1178.0139896981489,1176.6646354945217,1174.0397157628481,1196.1258036089275,1193.9007708933032,1181.8457113175432,1178.900776182814,1175.8355046775146,1160.3941002912404,1134.5453189416323,1091.9769229223066,1049.5145815944065,0,Core
MT_230,63.32056871790622,61.04839427506806,61.09875062537792,60.52814123872402,62.274019883180934,67.21172380242048,88.82035309681004,106.44277370067189,99.57771644214449,112.34530529184815,114.33903309668727,117.10230185111864,115.72071543233183,114.03478482395806,115.41147948300048,119.09104197935562,121.9199178644764,123.63596636617835,125.08488641909376,121.57404167549102,116.04453074403858,114.01598511984236,94.75492091846914,68.84585930761841,0,Core
MT_231,365.4372982163339,361.84377529620974,352.1790213746135,357.83871527289426,352.44765735609866,385.13146215608873,641.0704652783638,702.5786975831279,694.1047290434086,723.0611656493489,738.5764113527047,764.70282911248,808.7561296916168,802.1763100897302,798.7189217993555,799.2221815920165,807.7439140639895,853.8247791123237,856.665799368044,836.0563384683662,765.3925424820055,692.3272278635701,543.2121459311974,392.11249722620704,0,Core
MT_232,48.150016367586225,46.17981547796842,44.983899695904576,44.78318367370932,45.02449443263259,44.804771987216014,48.52821874737081,73.38598791333666,86.65278361022293,99.54548260131095,105.85729412019721,107.83087231702929,112.2386899244372,110.89603717040254,109.86306520985963,111.11827078196647,111.30571730257768,112.92330692843045,117.45347729461248,114.96576859870314,112.45674070840967,110.01096867086012,83.81772846560216,51.59243479510023,0,Core
MT_233,76.94722456608696,74.96555738187328,71.83744227725022,68.78707303048975,68.22061240714638,72.16413366694795,100.62418743764374,131.23841548240534,137.0638745140884,161.78207287603857,178.07675059599197,181.95743053895885,185.1931195511919,184.5954232044235,183.70043674464557,181.72942262888955,184.5575785953395,189.93173527822623,191.27767860384785,184.2724792886357,172.2911765550662,156.35686465143075,120.66605048765938,81.22154372079993,0,Core
MT_234,51.48355448532358,48.25247294124395,45.853904034144065,46.04495865705784,49.439733757188606,62.18712186924204,70.26622730827874,85.59077831857823,80.75390697973664,95.44029535766856,104.43029526464987,107.3326079811606,107.69705626779466,109.95514753930621,109.78291467160905,112.87291492741052,115.10274692011164,116.2123855579146,115.28967383763428,114.3036202495537,106.83105398728588,106.28098492089146,90.37471038236117,64.66210952488368,0,Core
MT_235,454.62058454456394,431.3394414918603,422.70501167612844,420.95614238166183,422.7234737152904,477.46261458039754,823.4007814282455,974.6092523251601,963.7938274214548,974.9108101488373,901.3694538390307,897.2558917475272,910.8446655527373,932.1507059360364,927.9368314745476,981.8513961025891,1011.6756502395623,1032.0328709854923,1037.4460733985588,1000.2700943484857,918.6126209552954,823.0927144985304,718.7899605427386,545.1411284910953,0,Core
MT_236,100.56353295762517,90.78626985954654,89.91932508992902,88.6262956281811,86.9677622867451,87.43346079052242,145.37971554284712,153.52295055663234,153.00758852704053,171.56204755629756,179.44709913621233,182.00592747893833,180.8592032513044,175.15081634437215,180.47802442956112,182.07258929466224,184.94840675848272,184.45726479324318,183.10630254743793,174.00751709557525,171.50584058842466,159.74069978314682,135.77010449250614,107.8646403052576,0,Core
MT_237,53.74844864549924,53.1982386870384,52.208414177240016,51.92046090926061,51.23968356327886,59.090880807326585,75.85792779389942,89.15818819141575,89.97366609910944,98.63273768108564,101.37055547070482,104.97017307666924,105.03823186126714,104.40383110552983,103.76383114324126,105.22845498102173,106.20782776429593,108.06733189652734,108.44358839468042,105.66928101247684,101.17350469413192,98.07565198371621,78.197862515391,58.150607248516536,0,Core
MT_238,273.8390186516085,267.92784479808347,264.8045773442847,265.46359514031485,258.1505775154004,298.6556425393566,403.4554072553046,412.2900624572211,419.08379962354553,459.2579183778234,462.01411704312113,474.2329140999315,473.535318275154,470.32052104722794,460.1384967488022,468.09984171800136,472.5566863449692,499.82407597535934,502.55505219028066,499.98815023956195,483.5764502053388,470.2264373716632,443.23302532511974,357.5905330253251,0,Core
MT_239,77.61141088449747,75.11170662300192,73.72003687515269,73.88741661549703,72.84131524679172,75.16493542721697,96.936458587806,123.45387359668644,118.81844764520625,129.2673112940747,134.34577140706605,139.47494448369287,136.2920829014176,135.58879197836131,135.42072034746937,137.92326507413546,141.4690541980012,143.84868037352737,142.99899201313465,142.76511925276924,138.51906811834382,133.97954397397723,117.12713289360457,87.58283291627326,0,Core
MT_240,216.09685971813337,217.00891038486597,209.26548081442817,208.44314836347445,196.75637663590715,214.3563288059837,294.57582692164965,340.3123582626193,335.6963212191683,394.83504861334455,415.7579022455325,425.4840553177804,451.8129849995465,456.88297337192716,452.0113884696899,457.6647081137693,464.8733207985948,495.12084889867486,504.5358394563882,481.752855363961,464.2437511854399,435.170447704576,371.2832479816597,244.03600851042776,0,Core
MT_241,1719.5245096796546,1678.8771431710056,1669.6199964509342,1660.719868853567,1646.4898048858806,1710.8166231483592,2155.504009599378,2740.690039800238,2751.6667934190177,3045.571695354949,3208.562543835188,3245.6016934114127,3205.634564521172,3179.513017466474,3184.293693648017,3201.717916867358,3214.460753246972,3235.3432031164175,3195.147919993916,3093.448170963571,2999.4993282125383,2925.712559467978,2318.8054013401947,1817.5885787681361,0,Border
MT_242,135.26322780686243,128.81134985087772,129.7200819916427,129.24391537327895,131.3011034648613,135.42479080723447,165.7990896440589,229.7963209616187,221.58242431343047,230.08136473228873,238.71042243475506,242.5269057558585,241.51599237841538,236.4324488759807,239.42476100330308,245.93406805162454,247.91775605173962,246.68066423713242,245.5104822481619,236.29367046718176,229.0565334328168,206.78264763737045,160.53329253277929,141.7341057690135,0,Core
MT_243,76.8495875526892,77.72803579897815,75.29933671916393,77.67004432944165,74.224588709796,74.25412896540497,87.66853600671287,123.13862357110928,136.77451446437937,160.06925216052258,162.0596119635585,167.50931266767842,169.1715986641815,169.05452668342704,165.0757129002977,170.80434440507562,170.21394768352667,172.08206255782133,173.7284213197334,172.82982580233787,160.08164000964894,142.23183846026933,105.20237933826563,82.46904262890307,0,Core
MT_244,89.13359899553367,88.47599532021458,87.37380258383094,88.94699318118994,89.54227895223684,110.29789711902286,135.55950575118683,173.58259707941593,168.8054850838136,175.9978562527588,181.9438646136564,184.13113222219917,186.63403662347687,185.6095448858295,189.40729119637405,193.9862553341809,196.67123185024684,199.92125058324157,205.141418367906,202.51895338286405,195.70436217458905,182.16416777962698,152.8055083819919,101.26143421066719,0,Core
MT_245,142.09058116390128,134.27831276011548,130.54973172209242,129.14292879227736,128.61396697270803,136.32406358422432,167.58703297222024,208.0611846711825,211.99812952866478,215.0775390025726,223.15731430999077,227.5589149299409,229.18608141172396,227.0438193805219,224.94748518964334,225.39656155837207,228.67196535202623,232.9302221750179,236.3173389349131,232.4723677688876,230.7786569583107,227.8140090632302,217.66417467173324,192.37446993477934,0,Core
MT_246,386.61484914839775,383.7331901925868,367.0086921082303,358.7050164583458,364.71657990178954,390.34527024916144,558.7838787734202,560.644736879475,578.8355329862738,664.7490492784741,692.9849034793995,704.126997651242,727.9899446465645,727.32145747953,720.1580938423918,730.5052456539458,758.8895515775304,767.2151172532881,793.9662767217361,782.3167500234308,749.8215710832972,733.9775802965627,652.5032022061852,436.4288371802409,0,Core
MT_247,252.80601881994153,252.82874149754474,243.12244833605052,238.93359227911213,241.2104973205787,272.362360858379,468.0148170407097,493.17299470051506,501.6198023034302,554.388815619847,538.1351452118219,575.9934447393758,586.879925951895,588.5229146610427,587.9191406561569,582.679940420212,604.2437614656778,613.947272258486,609.4240682311001,596.6984413170624,553.9895457133903,511.75597142692857,404.87869799984765,266.14794039795265,0,Core
MT_248,91.5122485397243,88.73373261590096,86.4746201839769,84.30839640493755,84.43374575819247,100.48031277134464,119.0913928625962,161.8363788504825,177.81795039506642,198.95148063487144,206.51154964329692,211.81335135270643,212.88533692505322,211.42591963754623,208.69703675511505,214.0040820869047,215.9716464556455,220.72221449891023,222.59824052824413,220.31188442987903,209.13175223210044,200.66613375814083,153.0486241995927,99.97806072954151,0,Core
MT_249,47.49089318307748,47.87315643231968,43.593497400671424,43.55070625957433,42.55073579739904,45.27204438414654,63.25985850363417,68.52271255011244,71.5115716974675,81.62405988233762,84.19903197418598,84.6839809246765,84.28911215410189,85.09421547537565,84.36336515270038,85.20786480232066,86.77006025716243,89.54891158208665,90.26198217137642,86.8692645692774,81.17190912128028,74.6096688504286,53.82467875069261,45.34464020892409,0,Core
MT_250,58.59009987839158,58.958224517055086,55.83216155091716,54.365422229310504,55.200416879869046,55.06708066691919,79.38009941322275,96.96533716986858,91.52123938695179,103.66715177129642,112.8710507720695,117.14910765114111,115.99666075237734,114.60372378718306,110.86741027225666,111.90810146882595,116.08044762531316,115.88161121189769,114.6785539451854,114.65669654822582,109.53436711566533,107.26730483399011,92.64888614217776,69.67791156919165,0,Core
MT_251,53.14797326242139,46.923079526078176,45.070232420996874,44.177011345399045,44.4362374160015,44.000104626580054,58.664210319912236,79.94177219866904,86.95045437567745,88.76214500585505,93.24533268508752,93.38792938510664,93.29458583056126,92.4733485736946,90.99692942937175,91.21564471008377,93.19589113860424,95.51311655144937,97.2887796041091,96.40890939228417,93.49482500838657,91.01327550336907,86.93315532181636,72.9651941024265,0,Core
MT_252,133.6610460941536,129.24065057549464,126.51642605493346,124.2243578438166,125.24075345485704,130.76519937600526,181.03163592883269,207.5435741340287,221.93098526935495,271.95065832294046,294.4921486249858,298.123501425614,295.36207499275645,293.0291778469239,289.7890133239272,292.25711809710975,298.5493301293761,304.16645145983716,307.6577072389279,305.8823558744116,300.23691909902874,286.39305742768,223.5493852433202,141.62690064373092,0,Core
MT_253,188.83066486164407,182.91521058013748,180.83019086831146,182.0103992854536,184.6217235866778,191.89032388961374,224.42721433010692,281.5424489305708,314.4404634057325,410.75793749351396,418.5802004881024,437.2153241519717,434.89581183455823,430.2094374229688,429.38137165391606,434.662018850126,443.29326836184873,450.3139549933711,454.7647348960538,439.19947598375484,415.9145855852389,380.3404997860326,304.1255930746834,215.41542629666034,0,Core
MT_254,145.00607109035846,145.78995199384923,151.06507083720103,148.99285299053943,143.72991383270983,174.5285317806344,214.4462673342522,215.9519094634,240.15682634337526,290.0514331523727,300.8124150281755,319.8256518803972,315.82987585909444,319.8319925365438,320.1451951656306,320.7366107845068,318.3145645223295,317.1819756593814,314.80821214593124,314.7909763438441,309.22519291534235,295.97211752130744,226.10936635631444,150.0948965336184,0,Core
MT_255,206.23864502214815,206.7405628091382,208.88196892797643,200.9863946896026,201.98675629253677,205.34730024666484,255.23333075045522,298.86862190538915,316.3037270930998,401.69833275218576,413.8822982449343,414.35264680433403,412.01228158537054,405.712777497966,400.4823589425697,405.63090671935737,411.6998437358748,410.31755840533106,414.591950460398,405.0846796585435,391.01962341637284,369.72481370991693,327.1211757261116,224.42620071545724,0,Core
MT_256,86.03669556897835,84.5038176281619,83.88040232167748,82.9939372592515,80.11437427869123,87.19460067596937,112.98993883551411,141.99499018270654,144.78559018670342,161.2228744185814,177.1696858591006,187.4693771639263,189.41788820775693,188.36449793162367,185.39655120730225,189.35269095010418,187.29070492163652,191.56606751200312,189.5939328252322,189.53307434913592,175.34204399546357,170.55901742132428,145.21694844547028,102.82344297226676,0,Core
MT_257,95.10122382693527,95.93077544025708,94.44418098567716,94.30347173983293,94.4577875443056,127.71942086567992,134.82474319926516,147.15117211056236,151.44158276273572,175.21932703831212,183.46583666022917,193.49058800180148,190.71941100585485,189.76326878010428,189.6568844479389,188.5303580834027,192.62695478983943,196.06335033039957,199.0276415425601,194.35609935141434,188.8602328445405,176.23360565534125,151.4350116663995,109.1284248579549,0,Core
MT_258,73.57223537527773,72.17087762368371,69.61621237344458,69.81646899297617,69.46407866354879,78.71314130592027,93.10687361407102,122.65116072565999,129.741572148198,146.15326701386408,152.43655225127762,154.5432763415576,155.26950718685825,153.76526816039305,148.56037333445602,151.68703995793894,153.5453048989823,157.81698233999867,158.94823777845426,157.4085327343744,150.35541589205778,144.44288757970097,120.74692126735714,81.83932616050974,0,Core
MT_259,124.75842493054714,114.92646538187601,113.09935954839342,111.80580835322161,108.84571544400524,119.21701910247917,133.84521216261052,146.67025211274057,145.789079279662,167.46888679708945,182.2671681431902,191.2956059716247,188.18361926658372,184.28380974991435,187.08409519723776,184.68410588762876,185.06782497747386,186.9156590626055,187.961102942912,183.9438830832199,180.03181085505082,172.6595575566487,173.61529239607762,143.4901315195766,0,Core
MT_260,97.99979074997555,97.84312114989733,96.09120367654248,92.00594895863891,88.82504742348685,88.83854698347513,150.5707049965777,181.03769433851568,195.9416994230957,202.28991884228023,212.78850102669404,223.1591688667253,240.78367067566245,239.60429060330497,234.83369707636646,237.66982301750267,239.7792353573873,243.91855285029823,250.16200840911316,244.77213845702553,235.58404224112644,220.4330595482546,173.09975554903684,116.70881979074997,0,Core
MT_261,35.91390116082108,34.50587237881899,32.839201391049436,31.78854683038461,30.764836074641007,33.20861420502077,44.42177248183408,66.92623877377471,66.84384052710541,73.49772018611854,76.14951966620343,78.36269177054598,81.14887927875608,79.85970243157101,78.91542305325672,79.16461068591458,79.74033801395197,81.1987603620047,84.65111069628523,82.82350109583169,78.02367618692054,73.21210997725372,57.32189278133836,36.891595627735256,0,Core
MT_262,128.94560384711176,126.06985294838672,125.43140762008979,121.25363314368413,123.20449892035317,145.99214976200705,192.22544514590436,185.39234519669975,197.5607043886023,218.23269623388623,226.04739462902714,233.37463644048023,230.94929974955338,227.84628124944845,227.66688190959215,229.77399002528006,233.42589024277837,241.61022055780774,242.15209339679816,240.5661869544156,236.6526219432073,225.0811426604614,210.5232830086549,167.93028727821158,0,Core
MT_263,102.11515375585606,98.33358380057665,96.31452967128058,95.84542890631371,94.42656078773499,105.68470208140495,129.50583699503144,199.75658573693227,185.62737833054942,222.90523161792086,243.21571568909079,241.9780927606544,245.57976073950343,247.99126822426257,252.0563116858706,257.4845220109727,257.2066563110652,257.6228020945268,263.2556042599823,255.1039439059768,241.82777030070253,222.59014382582728,172.21117802059064,109.48543167253604,0,Core
MT_264,106.76941949702741,105.20226503018529,102.37017084871148,99.33913383952425,96.19958761678689,132.73295647099042,164.34313828000384,169.36408372840108,199.6151306300394,242.52070073259011,246.68006114928923,257.92499905450705,254.17119205519006,247.53704849006635,242.00434296401266,241.49348944718696,243.30484062697673,257.0833639228092,259.6145985585497,257.63331820544704,249.34081162592884,236.0606112852548,184.84267183684426,118.97063262002379,0,Core
MT_265,111.84086125230921,108.72722132339344,104.54536106773061,103.37364990318407,105.06895942158611,123.69959111743808,153.2409230646759,189.6762655340643,202.25434071881853,205.5913285522404,205.43247389168945,213.68789203439954,210.91960529057664,208.39021905147675,207.8647163772334,210.7896003034425,212.76719410097738,215.4742421156063,224.0864374145885,223.99578903251938,218.24570532827286,209.07479101254432,168.82805469770085,126.42671059090908,0,Core
MT_266,174.85918477280532,169.55629458582595,167.58533544849604,169.58321596157126,170.71323422214644,222.33814742881708,260.22688270483843,295.14347771295564,311.62547844436705,323.95298519633207,328.70404895514423,331.4304003983227,329.4456253691033,330.45245887664106,332.4677752738469,332.90346234343224,334.994690472131,342.4380153546975,347.8389264066697,341.0277998107226,320.62826942132017,311.41138926159573,284.6362340219967,202.77518427366644,0,Core
MT_267,39.83865516645311,39.10409801691855,39.33693548299579,38.59753360882375,37.35718720713639,42.17090560693547,56.06131250954411,62.328351406094114,72.32718479640141,81.41143106964543,83.54359438259992,88.55148934586916,89.53332124090063,86.39713719407501,88.27340215167786,89.29137569250494,90.37165239216999,93.83030131086622,93.91886287723932,91.23188169880075,87.65657181083404,82.5120556127879,61.728283812495974,42.501315827211535,0,Core
MT_268,142.7647250248437,136.1309367725903,134.31649205471936,131.58216107330205,129.51821692760967,159.31437748184962,206.9272398671954,235.7019474241208,251.39130154145303,301.21698879444466,312.22676289486037,323.9047285749056,325.2293790484489,319.29965951678815,313.4825905770061,314.3362493595769,315.60678828318197,326.4720520030283,326.8384446156722,317.3881024515598,305.51518928957074,293.3993960860567,234.18147876215792,156.8296266114793,0,Core
MT_269,525.4048694631856,490.4799550210228,471.9064143932727,452.864085264496,449.0347707049966,462.4895961670089,754.3495257651315,825.9488119683192,801.4015155959715,888.4163195462992,941.1977314950622,976.0493399823995,973.9488510804733,967.5205045467881,955.4043805612595,940.2033832013299,951.6341840226851,971.3431993742057,984.5708027769631,977.3162902121835,953.9012809230469,925.9016329324339,894.07480199472,682.6249437762784,0,Core
MT_270,37.50813262284624,36.21213900411206,35.468191350521415,35.50779920734917,34.45987571060169,33.98160696043198,49.20589632347262,70.14969668181935,69.1878361704506,78.0944828286611,84.65407921782945,87.02373597442133,85.92238930023652,84.69798568376271,83.91322240171296,85.35996355174429,86.3681619408414,88.89694393224347,88.8837633529292,89.7466782753797,89.8373519510008,89.30900916531166,75.8101820261718,41.55739683426305,0,Core
MT_271,97.15111100107441,89.63092657267812,86.54695403783991,85.26488371097415,86.1037450992832,96.47820086891173,147.08831528817328,154.09519137876168,150.7476852317502,169.01194560197902,179.121373237457,183.73562409123008,182.57106522924343,181.37718975193775,178.575760529868,177.83874069179734,179.91406047307873,189.8335484207068,192.02992448215267,186.28701939964316,178.24068457617213,179.0291487233765,171.51469737928673,138.7080637648956,0,Core
MT_272,116.35454791873072,103.50137667668697,98.44248328891607,95.63310920350997,95.68924735880549,96.55786199597215,107.96647401179229,157.50628207097648,138.26463573383842,160.57156628271926,174.23427791064591,181.61186502226502,185.92581213589472,184.52012682055567,184.81021310419567,184.7584203709628,187.10706227389124,192.5760695493022,195.4820999146418,191.97734085537633,188.27668547177427,181.74434167325524,176.94206307485823,148.12275418017856,0,Core
MT_273,327.57911916022766,307.88283149679427,294.42687040222944,293.17870231627904,285.8489906744524,296.295268574529,317.05165124056265,432.1328515373686,398.15688378316673,517.743102445361,597.189592056122,610.572584905234,605.4884453241744,606.8522321089058,609.2987237751099,618.7558194745055,618.6217017839195,629.4307654677267,632.420921948643,635.2168390156073,622.404231747148,615.7687461588902,598.8879022759928,449.620565123645,0,Core
MT_274,257.5658928140523,214.44739881410388,205.64727254515404,209.38449957581523,209.3564229463463,200.79305095832368,221.81296108275626,344.76886863324484,311.7135698144362,373.81224474929087,375.52605738863065,369.6371740644791,371.13358253239056,371.02051718669134,378.3792500049324,381.69077462661875,387.1182906340917,387.0966640411223,410.17944760369755,418.4301825284446,417.6717341188718,412.4392368620344,362.8634974981446,302.1747246593242,0,Core
MT_275,90.42306985791465,87.0819093471403,83.92864974781205,83.1119485732133,83.43151599468759,83.40661996941277,101.90206345092611,127.46212790054119,125.99950777543926,144.9874819747081,152.75261396398832,157.8201880421234,155.99613767478243,156.33961263778252,153.46011675737458,155.00437401092293,156.81908540214792,161.81898809642473,162.57547008157542,163.13517853464225,160.76478501131118,158.94492235003287,140.946649407954,107.76997828895716,0,Core
MT_276,1101.8080319325563,1093.2550436768518,1061.2983613556423,1045.0530966854383,1045.0966549427012,1072.4239467067853,1503.9353555478751,2047.88401068033,2108.2102825272273,2311.8488963886116,2404.12085510399,2458.2662932617686,2474.412954642486,2507.390519852806,2489.2751641693935,2508.40803125487,2556.0275242103257,2594.7114752543002,2648.5799432099247,2659.457783560695,2479.706087651885,2339.3680071292542,1711.880307127222,1137.6305392346212,0,Core
MT_277,57.20626356182737,54.83930839375078,53.90351835287463,53.21441273023969,53.23341270188009,53.76021137097189,68.42710395631701,83.45453132700683,83.16705316198004,96.88374021689725,106.7029362913159,111.12960009902862,112.86355469914682,113.90623742500992,112.51875278326446,112.5654378530099,113.19832536581961,118.92183903552844,122.1784127133772,124.1603691116471,122.19689052352578,116.49791365345948,95.59383845607289,68.05933364145652,0,Core
MT_278,54.572761054022195,52.16899253034124,50.90195588111604,49.99809241908458,50.17015621765612,68.03656033067759,67.2875244459957,84.30465842591711,93.75164505245279,103.86033309510606,109.86344238904174,110.80172541008584,112.37888057359886,112.47935027919932,111.80363097639434,113.87628878181255,114.53870538338222,115.30919683162773,115.496677409558,115.48083630361941,115.7734617343046,111.62609500181064,82.98962124886489,58.58505091163481,0,Core
MT_279,8623.750998174764,8394.71167008898,8368.976157882727,8300.92331165868,7995.696155601186,7779.057152635181,9861.3295687885,12577.574720511064,11065.213894592742,13029.39410791695,14065.67975701574,13987.613649326944,14019.762862194842,13902.377224503762,13905.522473191877,14072.578285420943,14043.131274241385,14021.702030572666,14607.613649326944,14758.4669461556,14426.647843942503,14185.004705681038,12931.835358202145,10010.745779146702,-1,Noise
MT_280,170.8287512358354,149.8064459908231,137.5743909549522,133.79607447968158,132.8854412249347,131.77645004689833,161.22572058711688,265.5740645676477,252.9586945775344,310.63145486348765,333.7402876010849,335.66662864096116,336.19424797829987,339.33632152001405,340.45203691028456,336.81412718330915,335.96600501939304,344.91838732983484,364.98983763023784,363.14860128780373,350.163558065252,325.7440204578294,316.7310441858695,226.22312216391612,0,Core
MT_281,87.4154302078697,79.11414547928388,73.5067315888054,74.05717029739425,74.49562538155575,79.05039839718535,119.48339274070582,115.9030731003667,124.11268574933706,135.00910123440167,140.25332600247603,141.310471780563,142.6255378143822,141.6771403589045,141.97126087836472,143.87934194335043,146.9271105409333,146.81361212201304,146.08330871013067,145.9821489053376,147.49826702523035,144.90558196575859,141.21318519515913,113.69328403705825,0,Core
MT_282,81.92129525163406,76.42065497814984,68.10074294288874,65.3889344100458,65.68713755443734,66.13359668223632,101.33607847063956,121.29379197975196,112.97478605839746,123.41699432497688,135.1170191461516,135.62264480898978,135.3032719761416,135.4281170788486,133.13316560236478,132.89855261524923,134.31923109829935,135.95074501131995,135.0219465254116,134.05278659995037,131.5946605798377,129.87683314717455,121.34930467803929,101.61913623252175,0,Core
MT_283,215.04036138511375,195.75817531943147,181.96486486990548,180.5335731750304,179.17525741951974,179.04807930815187,198.25586968725463,267.1534348091244,267.92749544468626,288.2024811306503,296.90344273546356,304.1548377711507,305.4294490541546,309.33403131743216,310.31170794890585,305.5594573348477,310.57865539447994,318.09566438574603,314.0114013394581,314.44642214376705,320.0638419991533,319.94809879762096,308.21154979512744,256.9741293615847,0,Core
MT_284,42.196290692508136,39.9094639404809,39.17753744388349,38.781725017540424,37.932121542734315,37.74052516644108,63.30464165204249,75.73022391708224,68.4692549306188,80.41154477569694,86.81314425694626,88.07877410844016,90.70330085995275,91.62872787718783,90.03066444344948,90.15126368282101,90.81345818344629,91.70941556492188,94.90517790026058,94.62068586936196,93.31212442468252,92.51830723283224,87.33992235894321,64.70628659259374,0,Core
MT_285,57.50206114457751,55.60005130632487,56.14834697907527,53.44630467708609,52.06275452155906,57.67800759681704,68.99228475464339,97.78182061023502,92.7635692175672,115.13083585797534,122.79748871431119,123.38873451587602,127.8424489083974,124.2711777639296,122.85242356171081,120.79089210575007,123.76249125503368,130.89345745982993,132.2704297358746,132.42395804837702,128.79606549350743,125.42204370950785,123.00669441597248,89.01352996217483,0,Core
MT_286,69.78608476722567,66.75139005685246,63.07643278171379,61.72133817371513,62.329723687009086,63.023931426351844,86.6373027845169,104.61320191335041,117.13266644414749,146.38376066057532,154.71836679573565,155.4717868486449,157.1901017494489,157.13782546869575,155.1910500113815,155.14105887676567,155.74847824010135,156.51785303591245,156.70339215938347,153.8135786626912,150.9603127613175,143.97797846438965,117.62967934043114,82.53577211991974,0,Core
MT_287,114.77597657197369,98.27540831972493,88.46888861043294,87.1354697192625,85.44395254302145,86.1224093491137,93.39495350234712,161.41844114968177,154.77872183328216,179.976815173514,187.82562167537066,191.82256214058972,193.85789045363174,190.1914339762971,186.03066877933895,187.38785523344492,190.41647971942422,191.95204921125108,197.95479211466636,198.07730655844614,194.53222431513313,194.74813490651965,191.03938624715033,146.83289981783594,0,Core
MT_288,61.049986177517326,57.71264765492422,56.631034221469484,55.88784887196885,56.27067127305067,58.48467702853261,66.73181136141463,98.33960757472052,105.26907419342483,109.0412630251919,114.68879221477806,116.26035437181812,120.27436795448907,118.88653656879349,117.91026752332752,120.27114756582749,121.87208666197037,125.44102462899957,124.72784697345915,118.11865185829123,113.81273408707497,103.38501359765917,77.69713899588824,64.61487107620519,0,Core
MT_289,22.708848596930093,20.26379235579794,19.478790108983286,18.76223314898838,17.666926731039972,17.439687867711957,20.768346725763983,26.3009361531152,26.091733727105776,30.270473828245855,32.27620507304408,32.436151542635805,33.27867755202171,32.8785627148283,32.76078874005788,33.196524336953786,33.50542695178999,33.94015806724403,34.7528759424139,34.21899995321591,33.92759123777665,33.10828034742869,31.153983073603115,26.591343335688244,0,Core
MT_290,372.59344585232304,363.5656809926856,358.81928396139347,358.61334893049724,357.77785131180735,455.9759794136516,599.4998950649524,669.6969285034593,682.0575795300341,678.8930187189816,683.1167617044314,684.5057201525374,712.799106621163,733.8524935190683,715.4948701071054,727.0567448194283,749.5453092841283,752.2161864695795,709.6691505269409,667.009285559268,624.344847569919,540.9510811887234,425.85325906793827,377.88163565120544,0,Core
MT_291,57.40512379847037,56.3097974883195,55.030800821355236,53.42166250037199,52.970716900276756,53.566738832842304,58.724109454512984,74.50264857304407,83.13441136208077,96.00565797696635,113.07221453441657,113.95448323066393,109.07917447846918,107.85086153022051,108.31612876826473,110.92536380680296,112.8871492128679,115.44439856560427,112.77480805285242,112.34971579918461,108.07768279617892,103.31341323691336,98.69570797250245,77.75291640627324,0,Core
MT_292,188.26866087886248,186.50076557847916,180.40599221597503,179.3807466669139,175.5059384477993,174.7812075590639,257.83774294176817,285.5467242356962,270.34563048593765,283.78734609245964,289.81403627497787,301.9838371009683,305.79499260687584,301.6312576963427,292.42397906131276,300.32460218502746,300.3989390055669,314.84499546524154,325.0537952143234,329.12036500556997,312.5616904838054,299.5957305287359,271.146262571015,217.59392435064885,0,Core
MT_293,53.67078267111665,53.26367168095477,53.400242212616966,53.22315074318983,51.0832319205442,51.20900734059735,77.15925891892591,82.64681194711376,87.26293459748841,112.73775457751607,118.5327945202144,123.13242311182736,126.68281221100298,125.81662722072407,124.72986106938754,125.71944863643482,127.32714273540823,131.50104279442988,133.30837282836242,133.19516650742992,128.36442376526736,108.5331135827165,89.25491150089749,63.61757286307643,0,Core
MT_294,386.2396694692639,391.2062556653163,375.70373055293487,373.8635895906174,378.0695088055201,518.407918955917,549.1368081377066,604.5899409419686,661.25189614666,746.7705558484564,760.1599353460236,785.1918345450173,798.5261159516807,792.6261168766304,762.0255413267478,773.6013490389774,795.7481339142017,815.7498624137486,809.5392941709678,811.328539782082,750.1760699354386,704.6976397598831,598.1710104611799,441.6975888876556,0,Core
MT_295,167.7472930737323,169.1975551074936,166.86724825379545,169.04277273364502,166.45513779965856,164.50612511648234,226.18683666905812,286.83376215333607,279.45415130748864,317.30466011891497,323.2953270989501,334.81606095841255,333.99251523547974,317.0275815788822,307.77035761114263,314.99730441272266,323.39284241689535,332.1336062937581,336.69517391949717,332.1383428993179,322.569291539876,290.5661764099519,237.76348205965542,179.2963692552551,0,Core
MT_296,61.78679124899042,60.94568473620605,61.235048351382645,66.32410549827182,62.29097111420322,61.01654662137904,73.7904385755637,85.26613256511702,88.89387334636062,108.74702759777492,111.5294695896763,112.96331321316387,115.97608678564085,117.85128703350001,119.60789458079297,126.56158509425032,125.80101671900113,126.82517448282609,128.6806165588488,127.78102503000551,123.30143732569525,116.2497580936909,94.23653794263106,71.51803966022332,0,Core
MT_297,91.19189147725933,83.33994783922208,81.0475082017513,79.56023271731692,83.19357018102859,85.76431323609243,121.2420667233119,155.8893102858222,158.4214534801388,171.16801051476315,184.2282447072152,186.24636084165311,182.21481950246644,180.4629313295098,179.4617335197904,180.94094886591614,187.02968266893245,194.39001540041068,197.63775549340318,195.28473943213197,185.8262644858269,178.3097119946187,155.66086496023038,117.29935507092452,0,Core
MT_298,689.9096408583966,652.7286608688648,610.2657023795143,590.6742662157264,559.7018561017836,589.2512582034866,703.1807887426017,871.4032793815678,927.0667351129365,1068.8611144663207,1128.2668800579781,1147.8132222088016,1168.6652574787615,1159.5393264081813,1119.9818617385351,1119.0252949228973,1140.702027217458,1172.1935217618877,1226.88295687885,1237.0057374078995,1198.938529210452,1148.2606695655675,1057.7498892780932,857.7225309014776,0,Core
MT_299,358.06839787332603,321.6200563702275,313.4088431658589,318.31185457126594,317.3829845339086,349.3239893804576,428.8731831202742,517.2943385486165,489.2404653424503,535.089037765287,553.8518656793811,574.3701329977853,589.4155045780645,584.6204746529867,575.5454960280423,590.7643858157205,595.2771670619036,599.0194322877417,609.8439736170742,603.4447544115579,576.2014740146157,547.4125754464563,495.9040323379817,418.68742754950836,0,Core
MT_300,86.99519945292629,83.3061952871982,80.69730955895905,80.02625066476034,80.84493134584727,85.12722132346417,120.85626252340238,151.6247658212963,146.41628704739674,156.87637412246983,157.0846232941955,156.7022860309417,156.46568099073963,154.45653010301692,150.43829658767734,151.64500339128617,156.6994485824548,161.72139265508855,164.5535075455342,161.50907114750825,153.82690974710874,146.22332813935986,125.96460217079549,93.55198751708832,0,Core
MT_301,73.57165397195249,69.04535026493642,65.8272713767471,65.87049023581311,67.6342603739968,69.70122430585363,91.53613519359627,116.15970314359308,113.22529740228211,129.22728000107676,140.63956882339713,143.40050963307712,144.52237913849424,143.59967805825957,139.04787400302996,139.9641217914876,144.38332802413615,147.27992131420822,150.0255364906356,145.46722679943144,138.68033423514905,134.7620557410866,122.07048719486446,92.13416017224729,0,Core
MT_302,81.51495512415666,77.82365937344659,75.58766936594064,75.951252974547,77.6137905455972,90.43249142217236,141.86793011206007,134.59510476908468,139.62803144780935,136.29556195930465,141.88639737854086,146.49890441880734,152.02923350097709,152.87255409294363,150.3081983420792,151.83556555245835,154.11029906941727,158.58012842768667,161.77482362134774,159.47371597112692,149.810614076565,133.85138397034646,115.01332828528304,86.68682029051635,0,Core
MT_303,95.25244247667204,91.77415889530775,90.23356595346488,89.00868663687241,88.77393710440347,94.01668360468878,122.1263326544241,168.72848558810344,163.94570877986547,178.7961127239255,182.98827493186607,190.20441901889973,190.38970293208266,185.26859260308242,182.16200836349552,184.5205099316509,188.12003573644992,192.0355597808053,192.47662865330224,188.01760929536434,181.96585357218717,170.26141476912227,143.64331302159047,108.69510761891674,0,Core
MT_304,41.96035319990208,41.55147444022956,39.854537059991046,39.04218001368925,38.93030193536115,42.10474520525305,72.39014977883592,73.19766959161433,78.5254165243951,82.94930337600702,88.0666959395303,89.2843252585445,89.71544905586245,87.94908801972002,85.2892108254246,85.19890053307016,88.25851115331186,88.75520070816165,87.32855495736531,83.8804737526486,77.13325214108976,66.58792714604002,53.062370298996385,42.892594511201644,0,Core
MT_305,13.131085031759149,12.95630345234644,12.990859395643898,13.21095906175281,12.306344572234874,11.986340217656732,16.817085063035123,17.791847957057282,18.123241979416395,22.079081504791436,23.31889325549625,22.46470125228204,22.309628549672862,22.572693587262176,22.368657943877263,22.699669036022307,23.292021979793308,23.266469908702216,23.33185674640837,23.54569219548126,22.652575636736756,20.995320833368414,17.96186897210704,13.689994735210774,0,Core
MT_306,43.4885212153798,42.36194983652046,42.00712060874292,40.936239841586804,40.727035892972765,44.63801930512566,68.93232274839494,79.9431779153212,84.62556002682062,96.60750405429954,99.56751232503575,100.24010501603414,100.4674020717985,100.82099522201105,101.51480521056382,102.29711678370177,103.21138007275597,105.00536708714226,106.88290004368986,105.96182699586427,102.89272921393487,99.49996391141664,82.32413091891995,55.186023571598184,0,Core
MT_307,436.39698836413413,425.99252356131205,410.74336158935745,410.68669158812895,409.26694045174537,420.4167763562014,544.6293107987153,745.7045227188964,766.6846908510153,932.6392442829816,966.1354007616844,985.9927253900564,1013.5503343337024,995.3759542989527,975.6239930500715,991.6969234279302,1001.5513873532359,1021.0538970497909,1038.7533740500892,1026.2541550395765,988.9303427578586,961.6535653486377,790.0233594833186,501.85448147563136,0,Core
MT_308,39.02881045167178,39.476923073384704,38.0328781288409,37.33734811183973,36.16041726465155,37.21040512095854,47.543099760438054,62.112406898353605,67.86345061196852,78.75043238906918,81.08055408359274,82.221321794985,82.99786036408997,83.83213667358487,82.90349259970706,84.326364279511,86.43732681437811,87.82013350702493,88.46036257203417,88.35517013129908,84.35245366997121,80.04524560619106,63.77606754101256,44.00379398408808,0,Core
MT_309,151.80315819657812,149.62370756853142,148.4591074738273,147.65753079258144,148.21499434741483,152.49864315982262,201.59339455044645,247.64478363617786,229.9104128419704,246.85719009935144,256.4446942055783,264.63982759889825,263.3124066829048,251.91360608567538,246.14513191013432,250.62298739951416,255.07656259098246,265.48585864911456,273.55423735144797,274.53912204200606,261.8642242444817,241.88043216732967,228.29845100488572,182.86751966319602,0,Core
MT_310,381.4832813080297,360.77035048787144,375.33939988275125,386.2259709088007,382.2614662848408,380.6291148331967,502.69679837202233,575.6723848460573,532.9188650810459,627.4004920151134,706.264698299279,730.2778979935728,731.5233975746079,689.0208193294721,676.0660429768909,719.3653450091006,746.7198506459425,782.4186548312938,804.5249046202767,783.0589497334279,748.8002105566861,701.8962992974282,629.5667243702483,483.04718648999545,0,Core
MT_311,84.9783363274459,80.84020266420023,77.02699279766057,73.87214678200424,72.36553997123808,83.3853959771512,109.0383414395061,140.25779671523782,129.86936248788686,146.97543246645708,153.84606111151737,159.6480880170279,161.10215786911414,159.50445790093275,154.83303952162714,156.36880187407075,160.40824675440174,162.63008249784747,161.99300682025245,157.12261170938467,149.9463793636144,143.6741532656249,130.89878713737147,105.77291418392481,0,Core
MT_312,223.63976407426415,212.67947984399953,208.84873909137576,202.8424407868469,193.2594684006388,192.9876351100844,206.66175600330823,331.14755340235,359.13828107175453,439.78127049823183,479.96628932095604,511.77457203256904,503.59755554129595,504.49714718086926,509.8262908538672,512.4721224047456,519.4929494994866,526.3848471723135,517.1443601343258,505.9983485554985,501.4001495479695,486.17687478610543,346.4688899227128,231.01103963466804,0,Core
MT_313,136.09112010044734,133.7722372292379,131.43696116410416,128.01966960173553,127.54225017780861,138.38995990494269,160.6264239188925,247.6847714635276,240.92262805119103,271.14622961001686,293.8696415360878,302.8763206248154,302.3343635969362,298.90316414522033,294.2066390204419,292.4218489952141,296.58149701897304,303.2053446095662,306.96650059299276,304.03664329498736,290.41660308391937,277.20549140762836,249.47274955001262,182.71640889997832,0,Core
MT_314,750.869998231164,730.1803828376748,706.5846849548948,676.1607026124942,679.699336301902,701.6521314476003,1034.9383599043294,1189.4221673626662,1215.051065531536,1269.2110990625174,1303.257350283399,1317.7493097693598,1336.9421436756422,1358.7113259349844,1332.989179336918,1294.1555345346044,1300.6300517576854,1344.3443385706273,1355.34284659576,1350.0805589522342,1332.8709364834003,1337.6977443493377,1136.4743634112394,841.5632282029396,0,Core
MT_315,66.04257856983791,58.22251684902868,57.678675300281,56.05761682601465,55.285584426127556,55.07732603736317,78.77864930708392,89.61567214758178,85.73029991233813,99.34275847404294,103.6053122944843,104.60326393373151,104.80034115140181,103.00835413161496,103.56461506607411,103.54830507969633,103.19149724539145,103.80635645387251,104.75459610370169,111.90801424635742,111.92448343175744,107.40926959116204,90.44037521813058,72.468333359401,0,Core
MT_316,250.49994093159998,238.38164458604615,230.98158892778062,223.70508061314212,220.54703732392136,212.48665784903332,278.00922136887664,324.67766008754296,340.80783344416255,378.54396698502694,404.18183263060183,398.19972000360485,417.3956468416064,422.44201553559793,419.55115323439054,420.12901573777015,419.8271274976188,412.08177441473555,428.9899364497088,438.1520177034691,426.9827495913926,416.79500037755037,358.8165950538434,259.0238916454142,0,Core
MT_317,279.62767607337605,270.85222326304665,270.54402377215456,265.6141398413122,267.02840313405335,268.571106575598,357.76021989656545,505.2286798141404,500.09032943127556,613.5647789144132,659.6544083740184,690.7311136890471,693.7097051020386,689.7174109940012,692.1146795535897,691.6648934740307,712.2461853094867,729.4319786761953,712.8081477943138,697.0914522809563,674.4709113693183,633.1982863618223,561.8423471487268,402.4134909458612,0,Core
MT_318,104.76274409353483,102.02033897000264,99.28888140039109,98.56943622109405,98.0367818215666,97.41886352597669,129.74585473154085,171.39018362916397,175.4292413941763,201.87273857864116,211.59085787391052,215.66749984953017,219.17642445925347,217.90380149741964,217.19994394124538,221.7691716041762,226.23104430251294,225.278740084739,227.74482313847844,223.8600196800522,215.5201881502571,213.71263624516922,162.41363382505472,109.53801917335383,0,Core
MT_319,61.85468266684131,60.992380955846286,57.73422531800428,55.03572608231421,56.22764529873582,56.04421394533112,69.79468848052919,97.42939886548187,99.91371343046802,109.7638482409147,116.10966038440685,118.6855597372601,119.71383859860204,119.53268743988716,116.49652836315578,116.26338654191898,120.1325282305487,119.86127703839902,119.66638507879406,121.69335383891394,121.25027441172794,116.69428067336897,101.17590630663848,71.00404168551668,0,Core
MT_320,78.13973416598182,75.06713571819365,66.6214555019126,60.135034494020296,57.86223013512988,57.898407651331496,99.54966818438831,100.0612086680295,95.41180312807846,110.20769474947673,121.52963486929205,127.51464784508711,128.0977927031851,124.3341673553262,121.28064725600663,121.82351983988,124.52549642621958,127.53071020826134,130.58039880444133,128.89980919743888,124.21609754013113,119.82561176238083,114.35912220139076,97.31405906981747,0,Core
MT_321,68.64954045833379,68.30768559057,67.27323578301957,64.51843813874252,65.56544252944785,65.54229681418956,84.79214739844043,119.18199648722661,124.56966434137591,130.44764330970395,133.3341059029548,142.16847220501043,144.92497839158065,141.89413286315087,140.59361582975546,134.69591868855065,140.76179939961798,149.0668051801643,144.89695803652805,137.9833958970932,130.04395149883737,130.67131071207652,104.83624138473758,74.84269907328249,0,Core
MT_322,17.253083661151887,16.77852543752024,16.42101072195918,16.33588817063512,16.54782397739764,20.362668499123046,24.844467556506867,28.781095364728852,31.72082202073973,35.42781240073066,38.526176538754555,40.231722930738485,40.54977173614021,40.763061765310155,40.180746130116006,40.14147368030059,41.262866563823145,42.316645057146246,42.851949828768255,42.72765155780073,40.62222263493762,39.12677417644898,32.58965242527691,19.551972927933313,0,Core
MT_323,1051.696236289878,1003.9227642276422,973.4734395085226,954.9909225221617,950.6851304652679,950.6738201365588,1628.313154204437,2046.3451152735356,1916.5037102886433,2020.9993364050692,2139.372965392899,2237.419513029833,2238.488234754011,2224.807181850053,2208.7840770604835,2212.0512387105396,2223.921032203136,2251.7067953790424,2327.1189754762026,2287.3301989950087,2220.849380644731,2133.6902138528576,1581.1021101484116,1170.123265888716,0,Core
MT_324,243.77860764862965,222.47543827303315,208.10456854749305,204.40501453278193,199.52546128929637,198.53452680490886,231.05579877278734,321.9726534256876,321.85532471006735,374.90197602452497,396.50085316829103,397.40880257589345,393.3399459901091,394.74070251419533,389.10949354580595,390.9355177092672,396.99200938003105,400.53301929991994,422.11747814057514,426.4247187436735,422.9284158062681,413.60003277708694,384.5598501171298,333.21060905129616,0,Core
MT_325,240.9746733890149,233.7305901142113,209.7645164994281,200.1432674370227,202.12731453521403,218.9281522936956,302.1047227926078,308.15696116457076,323.28858229731924,345.8840529138874,362.60958486368156,370.3707431714035,376.4744280859351,373.9216730117402,367.12849258647867,363.8651787431833,368.6284575431815,369.23556402559507,372.2179722904448,373.2968584802542,352.91563959982045,339.18854635929966,302.6991540398957,257.50560319952757,0,Core
MT_326,149.54912940100127,141.30942109135103,138.66040963641547,134.6882195606125,135.2749116257952,143.38476618173934,206.14239768477503,255.99843435558938,257.4488893269905,288.2937847031975,302.0720699961253,308.95462618266106,313.0418819481071,316.8893048009681,316.08316008404717,319.16773347261545,323.2024874500948,326.062265622733,327.1222482807355,322.9752919207798,308.8689381952374,301.41463802847426,264.5324168190065,194.24730652834035,0,Core
MT_327,328.16754370327334,315.44443857552534,299.61117676964426,282.01948958010087,276.6923120093492,342.6723756577775,428.223973360976,528.8590656093809,579.6211631023987,652.42045046889,678.2984884598709,692.5948343974418,705.5340734774006,708.4863250515548,699.9440930429099,690.8358202878264,703.9323867500347,716.0701057065702,725.8816968952683,722.679605432565,716.1950091445096,687.0817514762166,637.0202818841872,521.072884272984,0,Core
MT_328,778.0591679975662,716.9759424037316,679.6182219180165,640.705250082389,614.0973965067051,609.265596876822,636.838035845565,1029.7855350216746,1083.6996476284633,1415.5689913047884,1514.769183968362,1556.584784647755,1581.8617385352495,1586.6162192308664,1577.0781047988437,1576.401247243136,1601.1078155499783,1664.345831115167,1696.7957005602452,1682.2774862473698,1602.9089664613275,1582.1190458082995,1504.7392704134659,1192.5494967931654,0,Core
MT_329,148.7505510931272,137.87674135362562,134.35823569674275,133.05003875266738,130.78990266537824,128.23716380802833,174.57987830655875,219.35135332367034,223.57286256391674,242.6797318516729,249.47675091597213,251.61418951564198,250.0670320489592,244.59265410476303,239.73224926520916,246.15911744574626,249.0368703949752,258.2989441156339,255.75566191569033,261.01069724604423,262.95216058702744,250.3728283407819,228.88175655272374,184.29873525385514,0,Core
MT_330,53.77218300821355,51.759294789527715,51.25922634325804,50.76624208590007,50.001982802874736,49.20554842573579,66.87122476043805,100.3274972193703,94.6395726386037,112.91516191820672,121.3689799366872,126.18286597364818,126.01238556639288,125.65357417864477,126.51406784736483,128.94278319644079,133.09932088466803,135.86754363449694,136.54252759240245,133.28405629705682,127.80630561259412,128.44112444387406,96.8185671201232,57.76535335386721,0,Core
MT_331,128.3864663345755,127.2890682434659,122.82837573199483,123.61225980429437,120.45790871295661,121.67809814434557,161.68034799858037,230.42329739904176,222.91955820467967,251.8711815854184,264.2095327274571,275.22787696149265,274.6176832205237,273.50345083276295,273.4771101097676,272.8593904479428,280.3171819149745,284.8341207823155,280.02723591147617,279.71510824650795,271.85943322686137,258.1295789286891,236.36877487514892,187.5574346591629,0,Core
MT_332,12.02998966533041,10.765845231749188,10.470127864643716,10.306880722614123,10.35688076245479,12.930687594173381,16.445829837314612,19.405891956886023,39.954115501287255,42.365073597668214,44.01567252244823,44.60969690015689,44.92971707547177,45.22105196896572,45.95103263030489,46.10790526526316,47.14924075636713,46.86408116659854,43.93479596398085,38.37931344965216,24.089760230884647,17.57979488429871,15.664255509366939,13.885369629776596,0,Core
MT_333,49.350995293436924,29.826344051878042,25.843494429038156,25.6818165781099,25.752820762505557,26.601519224934204,36.44666836018262,51.876362751116666,69.55181805993635,72.6832348977187,74.47324597613554,75.51581673334887,75.66805676100964,75.60834268295265,75.77301946837713,76.12371839652266,76.67993254161463,80.53400438902885,86.24900329529979,88.05118651961304,90.52865922930911,93.74140011431233,79.50466422518117,67.82716611274583,0,Core
MT_334,26.458023554957634,19.126117624016153,14.095334416214614,12.938300073659882,12.792459849023665,13.335221506289976,21.352735015004985,24.112514676493618,35.681008678902444,69.70467002240092,80.75787951131547,84.453555348655,84.39666357020393,83.52734662733911,83.5857355578547,84.50384204446858,85.77985594226699,89.76395372144447,94.52146264359008,96.58603534053867,98.73374401095138,101.91483987694467,89.81291940073054,56.202824298108695,0,Core
MT_335,26.70616111247488,19.16118025390089,16.016567579365535,15.840184106066781,15.90339769530277,16.00392486151834,24.345484741117527,27.075346032943415,37.65642290453098,65.62053444280205,72.82846395543582,77.44226579979764,78.64867959103617,77.73181915715917,79.15447610157581,82.44439223470222,86.43527683513439,87.8630259853506,89.19191610573385,85.56117337064339,80.93894304771678,68.55022091393505,52.09361651616564,36.26001715897761,0,Core
MT_336,66.94024964025289,64.16500940462524,63.73503074692666,63.4931782782799,63.21494688677263,67.95987000598231,71.24862568513639,68.71052213185878,82.07775523182806,130.5639541463888,155.79054767794682,153.74928589521792,152.19122378696503,151.30347701660494,151.26271914932605,151.694045174538,152.27324478434036,156.65033657240483,161.6795542369319,167.18035053113226,174.59693500838063,180.09554183037184,157.72823058308677,104.00582466976022,0,Core
MT_337,24.52734826760131,15.09023770327362,12.700371291510304,12.559977150156955,12.477142781278765,12.445772188982511,22.03375772970804,28.999484071490947,31.46842141365149,34.36484553860134,38.25808853465977,38.830632729708036,39.20787456631027,39.19711529951143,39.31678194847648,40.67688972184852,40.735347482829425,41.52283730439708,43.206112148622815,38.651189917746464,38.816259381859375,38.97764653992305,36.18492257015742,32.457530859826754,0,Core
MT_338,100.77231689141345,79.83249923701672,76.689452459473,74.98570332245899,74.12345810703101,80.63622437339073,126.07002853409422,152.93889318529966,181.57817541801109,204.84175874319607,222.5111188150202,230.21206491432363,229.48611962985677,227.67940478412754,228.32905173767594,231.08616229766128,235.74999037011355,238.8426654340412,247.98142765288557,250.46964215342038,254.33048584999307,263.3885051749528,226.37862935604204,168.48597444079988,0,Core
MT_339,1840.8988720277346,944.8178383221205,900.4379448311937,835.5383605170754,807.5825111433866,806.0599989983472,826.5958275599183,1064.8572923100894,1198.920719186658,1920.5694952226731,2807.549679192891,3216.281308603641,3397.161983940168,3482.3984574548003,3523.93337896418,3569.177197932144,3608.4080399325553,3640.8899684479393,3659.25443648687,3633.287146013144,3606.501004435096,3462.313650857248,3208.384111561855,2663.354256745853,0,Border
MT_340,53.56146249370068,32.05993185459305,27.80560757973489,25.87732823872454,25.356459648040758,25.968088493755847,37.34458559920572,36.55406879226181,38.24592017610498,59.8966285824602,102.74838098246721,141.48846818251334,150.7824938009743,153.3839534866229,154.99745520279401,156.86305480966672,157.71976141585998,159.95868151925646,167.25109250776603,170.97978453214594,168.87324402724815,146.93195237343082,117.1046726488205,96.4746410331626,0,Core
MT_341,486.63358142950983,373.6940037964405,364.31389079975236,328.8306635839984,272.8810103841784,266.75640541570334,267.31587177617206,276.19901658054846,350.08327342129627,597.5605025369946,996.7356560238751,1089.4510419522185,1111.1545006439467,1129.0324249116836,1132.593958452942,1136.725087368129,1135.5225364084156,1152.7509107491676,1172.4175756917468,1177.6141906185508,1191.2353431020126,1177.8768984357355,860.1915978324772,652.9388362754884,0,Core
MT_342,120.62729747775249,74.6529448427685,68.48636527607731,59.221074542280995,55.932988782608824,70.18074355250451,78.78698602995351,83.47459320857064,80.63422106220517,158.0192182518122,205.98934468741965,245.85867991968053,282.4749667761708,298.55354822599804,302.64712370219803,304.9283781589779,304.96119486361823,307.9027312874462,317.02836596991625,320.7614511793534,324.4092869793679,322.3850144615568,299.4294828235394,210.97057501281827,0,Core
MT_343,30.011904611934845,25.31598661308541,24.407183918905865,23.737733210717927,23.66708238327391,24.93732757208904,29.098482844341426,30.422792187887108,27.710241325590086,55.0534762726597,128.51815925725302,169.66371045968182,175.19284631502924,183.03760765590422,191.35319954817064,194.29124517621767,197.21238919472756,204.78903431971548,208.5426613421348,203.29150972314957,203.31859428998544,188.12740664222758,125.93945654501708,61.62085385671633,0,Core
MT_344,58.33309539728578,42.35152592352894,39.871042627829155,37.38173587036609,35.80798719586816,35.383469631032575,42.225221538288274,48.0694265661942,59.45813634211396,79.2569931387175,147.03436510334754,171.10129889288356,182.52242745528193,193.2653391421454,199.20382632889266,204.15339181801383,210.6962365655359,217.8071536265816,221.47583005972987,223.30149352457047,220.2023765052429,201.37667814311536,160.50561013544112,97.88907104215195,0,Core
MT_345,1379.058417403208,870.9953145717809,794.7355890843079,678.2917861169803,632.2872957771627,635.4268964080588,737.6879379155962,861.0127402645927,961.448547914042,1332.2892797270085,1794.454529522827,2034.177669321853,2115.3823897998527,2138.551617415112,2151.0538080264,2178.581938781921,2177.579217464049,2187.552698667778,2193.724435979592,2144.263739679328,2133.7744315157047,2026.370826678835,1798.8192191834726,1625.9262565842337,0,Core
MT_346,204.00476624835306,115.995601667701,103.37764292150338,83.18495209455304,75.85821625966823,75.9842101536501,87.11766233081067,97.73794103069251,117.31593437488286,179.12288118532834,228.158802287466,273.2941190354213,298.87556523706985,303.02451292773713,305.24710769388827,305.87412689355284,303.12551629729285,301.63181182690454,302.72150281907,298.8953494022405,297.0002346332571,285.84161838636186,266.3606368696314,250.71361830861355,0,Core
MT_347,1.948047366028272,1.9039453881427677,1.9253663488300128,1.9291465183630558,1.914025840230883,1.9165459532529119,1.9115057272088543,1.914025840230883,1.8976451055876957,1.6922558942923476,1.7048564594024915,1.7602989458871254,1.8321221670149466,1.8497629581691488,1.869923862345379,1.7476983807769815,1.837162393059004,1.6632745945390164,1.6305131252526417,1.6027918820103246,1.5637301301688782,1.8535431277021917,2.487351552742438,1.9215861792969695,0,Core
MT_348,28.701477478531338,25.366201468774793,20.234471992385274,18.730464438925114,18.834909407915404,19.837581110222178,21.070031744307585,17.02452994541707,13.905106871573775,8.745525403453511,8.160633577107893,7.896039655665828,8.16759657504058,8.272041544030868,8.25115255023281,8.139744583309836,8.480931482011446,8.418264500617273,8.3555975192231,8.362560517155785,8.801229386914999,9.128490289751236,9.205083267010782,11.481983590999075,0,Core
MT_349,85.25081013114966,62.120068115744424,57.78967094834579,51.60850455229667,49.28320780259931,48.9908134639459,49.62397588818331,49.077748489568485,62.42356603687835,107.69941345540731,167.26798160627004,179.26415439935988,199.67761738122093,208.92285609619387,212.28431506217316,211.8713306533245,216.5505868888898,222.02534164604327,230.9456499434664,230.14894638191916,236.43228295164556,214.81378001065943,172.275180859283,130.92182458198886,0,Core
MT_350,141.6429147895022,123.42037247029752,116.94181386019946,115.85637861343534,115.1668079860793,117.61435805231217,145.24400584347256,154.46382052775135,175.29566404800087,317.4621417212363,676.5581742212958,799.4975498959683,838.8413851345597,855.1016307919673,867.3819472112399,873.247554152577,888.7075573535468,894.7349154296958,884.1785255788134,862.7550134338571,764.2698553774587,485.4492084410254,243.38012197738203,166.18226458399306,0,Core
MT_351,560.2258726899383,490.1254848277436,476.6917636322153,466.10160468476687,456.3168301771998,453.9257738231044,477.1906608867594,519.9840292037417,540.8449311734734,832.1400866986081,1625.4749410601567,1699.2394858924633,1770.2281542322612,1804.592744695414,1792.3058787740513,1816.7662940147538,1850.93543235227,1873.8253859609097,1897.956498593049,1883.4823940984106,1905.5920602327174,1877.6059015894746,1521.2556087915432,938.227241615332,0,Core
MT_352,72.50734654916296,32.17988788778303,22.460697309851078,22.401390902140317,21.12181022668398,22.45492071169743,21.338368473021742,18.140957210555204,15.266521969301362,27.63665762436502,69.32572465498305,95.50205826610657,100.21666094141605,106.56218982877135,109.22841079879827,110.0981097430415,109.82943374447309,115.32477575245969,121.75412949746678,129.8753846572526,142.29879338417766,142.69532475521345,125.47413033956641,96.632474340351,0,Core
MT_353,361.54601639637195,350.7139222522379,301.3283361848954,294.280982693499,253.0975339586135,227.1396483907663,222.54246500525312,169.30803850728302,155.17315940341547,241.4036051295628,359.7786625888671,422.5125883622024,461.24981834737605,505.2075581540845,509.19447653092004,511.9527426582705,515.2631010506657,518.0409044390852,523.8438002563113,525.2863745385146,530.393173110231,538.9480787408696,502.3353612571284,389.55487533690797,0,Core
MT_354,39.089129662473475,24.019976983398692,17.144830386303063,17.164033748537456,16.982116183084855,17.053442957098316,17.373727605793377,17.886045876832377,17.69178329280052,51.08111500207808,115.88886191273716,139.87883364264465,146.64870466463384,147.54577601472621,148.65888518995556,149.59196284423743,152.1249206146722,152.01141502717962,147.5915554586243,144.6964771431981,141.99240369856759,138.785956581198,122.35507976939506,79.78791258080842,0,Core
MT_355,341.2760176564289,176.197835764374,155.87517984075046,146.02365719774514,143.74081262495093,148.7450996325571,147.68324483241085,153.45820349899,157.9639891361081,215.78051146136434,615.1082378263048,691.7110213079384,704.9009925230004,720.5931072418654,726.373274909181,736.4034662774501,745.6598605863044,756.8597330699662,772.7253075133584,770.2395723618755,767.5262038782053,782.8503026950328,778.7977001219948,529.749384556563,0,Core
MT_356,26.297096604746667,21.81310321591349,20.445006871156526,20.250677830306305,20.305726671229746,20.2704091919626,19.911762677151145,19.117202298521242,25.25780101767399,42.18681188948846,90.3336556675103,116.7675453257565,130.6443301020327,137.958861934854,142.94774604842178,145.90827934567488,148.17556202876867,147.68741808997765,145.44683077853654,139.55096726782656,135.67632475367304,127.56673511293634,84.81832556017171,42.60697382593423,0,Core
MT_357,692.8979217223571,522.7350507124635,494.02132205006944,476.3225167485948,475.6976852716072,465.59926783232737,442.49605915417004,405.2071018190115,522.4433762678116,1292.9642938626512,1776.0588430506295,1983.320110758509,2057.742465725012,2089.15904424118,2093.3267479725387,2115.976240847904,2145.729626864124,2164.1906747142884,2200.911839130525,2203.159676850642,2212.5697426005436,2152.661107999917,1678.8806960778213,1149.0897164665132,0,Core
MT_358,406.4934714048515,225.14183224223208,210.8056409769368,204.59321410364316,174.52788994451157,170.24385757499343,170.41115248453409,182.38692992826788,229.0482911902992,363.039369159006,754.0647477694922,784.0629356353986,815.2386012944751,880.7805440113881,892.9514533642924,900.3700137656693,911.9723114643681,925.4128063298061,930.5952642167924,923.0121380234857,914.1699334204468,902.3703205184887,874.2141505839767,776.6943180862991,0,Core
MT_359,46.72774179961039,45.33931604431263,44.942971192115614,44.14760018798349,43.59305865123799,47.61159569510015,52.30192020061973,80.7351538871046,102.21845865240802,110.6616277731952,114.87346215272294,115.03994649100741,115.66932066589834,115.48284845683888,115.24323776206049,115.95378219265967,115.75950983890752,115.6322699786081,105.12181875973799,91.15834098722533,73.0598115095035,60.16129724206385,44.62097146902075,40.7060300968583,0,Core
MT_360,221.9938803631255,160.31230862062753,155.86273821103066,148.06271539560746,142.08511203573616,141.86708965260516,148.0492062634341,146.00050884397854,146.9151896682157,242.6082531791491,332.29106626079226,438.7721099463237,508.0445005823937,576.5592540557417,587.3121480120561,581.7174910239321,566.651056113933,579.022419155349,620.105753989697,624.9215719826602,650.4491411193967,661.4639621384055,570.486336263314,365.8241095980883,0,Core
MT_361,78.63699586830762,62.560794308944274,55.147003142861195,48.8455249281705,51.62172712265269,84.88021414253338,92.8051538428843,84.19025522495177,93.92589433283452,211.22135308650658,302.89135412712443,328.3833147438932,346.3763538413209,339.95591298090096,341.00080562383084,344.70696837743253,347.30240597676146,348.89631000834936,351.35727340547305,346.9797167467649,341.4861829894653,314.33192092672635,205.85997290485284,113.76541934210482,0,Core
MT_362,23803.57631759069,15280.013689253936,13768.617385352498,12538.32991101985,10820.876112251883,10358.110882956878,9891.478439425051,9901.060917180013,11512.04654346338,28514.92128678987,46295.0205338809,52639.01437371663,55245.17453798768,56602.29295003422,57381.58795345654,58225.25667351129,58656.82751540041,58762.01232032854,58880.97193702943,57719.113620807664,55845.29431895962,53831.86173853525,49873.11772758385,36245.123203285424,-1,Noise
MT_363,852.1250111911095,615.0409955611005,574.8945147679325,546.9542854007283,533.4253170333018,643.8057569955264,681.8049887800101,673.2896374658129,689.2445495686729,1045.0749010128313,1900.6316117796898,2293.106709756048,2798.7044305241484,3120.971561585759,3207.316386383525,3212.9003890174067,3191.2668913552657,3221.7543616446746,3183.7074773939594,3079.6908076948625,2878.7851220336343,2670.681747950222,2184.0114423679524,1499.067888880225,0,Core
MT_364,1266.1354302781408,1037.8282309750484,984.5723663742144,951.0842511355858,931.6665111069628,927.248615518636,1085.7406197498601,1137.7831186609421,1632.2568601829385,3016.481550619128,3807.1059672702386,4147.1672577935415,4255.250140003734,4325.870356542841,4348.912637670338,4390.74264202601,4421.247899943998,4465.815755086803,4530.45470101425,4531.283056437061,4552.030831933296,4598.675409122021,3180.65537303217,2034.7520378321199,-1,Noise
MT_365,23.867624735964277,20.817883841236785,20.2429619476221,19.7666490865948,19.465021457503973,19.198197016385166,19.07616276112431,19.85031059614292,23.07629840431845,47.913058066888155,87.03541090517737,96.67656326550282,99.72675035494792,101.90998110811569,101.79731694192421,102.52885318141297,103.25681986316103,103.60128218514049,103.21443136498998,103.25079623447355,98.08653857308717,95.5077562027759,86.48614520782412,53.56277558101245,0,Core
MT_366,12.412044140434602,11.43280991361512,9.053010414326216,7.289988301254902,6.372431813057176,6.3688272698909705,7.000523459768693,6.447125957556904,5.410118913879052,5.2012556626371875,5.6547272181858,6.208925729990079,7.173942036542859,7.4763231577079745,7.540704303704388,7.679178837006162,11.41729035276062,13.44784966972372,14.180172689658045,13.867979200984921,13.113027660062743,12.346161101452271,12.524285609582318,12.85430156168835,0,Core
MT_367,489.74057121086196,467.129715596435,438.84169561661434,394.09201726600725,372.6716099415953,366.50618750672294,370.5961375631806,338.5521360464257,341.0804114468123,396.3599384404226,360.37757221862665,366.4316718136579,439.82241828663183,456.63036430361785,463.21824264352836,459.43942565226774,456.9383424705197,458.80784506024054,457.359896976045,449.36553492953163,399.4927524474499,422.78386422759974,499.5434411467244,516.5279112349834,0,Core
MT_368,113.01347557359476,99.09482950708404,77.8264938484057,65.65471313699874,57.287185235716805,50.70080295815863,54.25680948969245,81.10368752849527,79.29226100082369,82.27007366829712,82.3320638207186,82.31178132845166,95.95675658381121,85.21360606715032,81.85413974237217,84.11863715364056,120.83880389286732,135.26394092824123,139.78322300800227,131.69850732283686,128.24705561059457,120.97106859596036,115.0888601696418,108.73444104308017,0,Core
MT_369,613.806350248193,595.754650231533,581.3139425653501,561.8155373032168,549.2657581979963,542.4601466074937,540.0283971730285,552.1743483052021,576.1133558543639,617.093928956385,632.6695952035424,648.1931991304714,670.9232317879731,666.3598126057555,673.3552321251864,685.3480071296525,696.0969317604741,694.822345800189,678.7818822121993,661.3657188564455,641.1955214863076,644.3482399674027,645.1841224726566,637.5713567415561,0,Core
MT_370,8743.38383558096,8773.091366520524,8759.339216012728,8671.422757459719,8617.111567419575,8646.230830419743,8619.244501174688,8498.100153541633,8434.445122740812,8446.22435577261,8424.892243372737,8522.393029579887,8504.206670736445,8561.656214736297,8624.733152043213,8767.674861720036,8933.381430712026,9103.167952346597,9149.579147936438,9056.595815528055,8984.020570878887,8939.733984497845,8882.61094770335,8673.283756035296,-1,Noise
